date,pushNum,title,author
7/29,1,[問卦]獨角仙模型車,st891355
7/29,1,[問卦]阿薩姆vs麥香都幾,abc1212050
7/29,6,Re:[問卦]台彩澄清：很多國家都隔半小時才開獎,freeman3310
7/29,1,[問卦]台灣人挺川普是不是跟甲挺綠一樣可悲,diok
7/29,,[問卦]加了醬油的炒飯是成功還是失敗？,btm978952
7/29,,[問卦]館長幹嘛不去打NFL?,glthe1
7/29,3,Re:[問卦]整天po香港文是想遮蓋什麼?,zaku2015
7/29,,Re:[問卦]男生會有從小一起長大超好的哥們嗎?,gaduoray
7/29,3,Re:[問卦]有沒有女生一回家先脫絲襪的八卦,ptt987654321
7/29,2,[問卦]螺旋搏擊和九陰白骨爪，哪個強?,WolfTeacher
7/29,,[問卦]慟！冰淇淋紅茶去冰剩這個？,eggy1018
7/29,1,[問卦]義大利麵應該要是甚麼顏色的?,fyer
7/29,1,[問卦]沒搶到777777會氣氣氣氣氣氣嗎?,algebraic
7/29,7,[問卦]有沒有魏如萱主持廣播超吵的八卦？,behero
7/29,,[問卦]PTT沒有文章被閱讀的次數？,lpoijk
7/29,5,[問卦]什麼是球狀閃電,ME13
7/29,1,[問卦]第一次見面的女生搧我巴掌,KAOKAOKAO
7/29,4,[問卦]所以我說高雄人發財了嗎？,Vivian5566
7/29,6,Re:[問卦]第一次覺得台北有那麼多香港人,todao
7/29,6,Re:[問卦]為什麼台男不肯接受台女?,shotholisi
7/29,,[問卦]男生會有從小一起長大超好的哥們嗎?,hebeshaman
7/29,,Re:[問卦]台灣人的普通話怎麼那麼不標準？？,zaku2015
7/29,,Re:[問卦]超跑跟偷跑差別在哪?,ihl123456
7/29,,Re:[問卦]如何讀空氣？,ptt987654321
7/29,,[問卦]館長vs麥可泰森誰會贏,shpongle
7/29,9,[問卦]有沒有女生一回家先脫絲襪的八卦,vanattenhove
7/29,8,[問卦]香港的天龍區在哪裡啊,zxc85918zxc
7/29,8,[問卦]超跑跟偷跑差別在哪?,dan5209
7/29,2,[問卦]畫眼妝不怕去畫到眼球嗎,hellomotogg
7/29,1,[問卦]肥宅會做珍奶，能不能攻略櫻花妹呢?☺☺☺,joey123xd
7/29,1,Re:[問卦]女孩是大隻馬是不是通常代表身型好一些？,shala
7/29,5,Re:[問卦]一般人對上館長漢草等級要怎麼走位才能活,ARCHERDEVIL
7/29,,Re:[問卦]借錢(3萬元),gn01765288
7/29,9,Re:[問卦]港女到底是什麼樣，大家都說碰不得？,keydiablo
7/29,1,[問卦]為什麼台男不肯接受台女?,processor
7/29,,Re:[問卦]台灣先民是如何取得土地成為地主？,shotholisi
7/29,1,[問卦]崩潰！直播的時候有人來亂,Oilboy
7/29,2,[問卦]世界上中獎率最高的樂透是哪一種呀?,pizzafan
7/29,1,Re:[問卦]明年被統的話，誰要負最大責任？,xanthippe
7/29,7,Re:[問卦]小馮哭過嗎？,xzcb2008
7/29,3,Re:[問卦]有沒有杉原千畝的八卦,o84262000
7/29,,[問卦]要嘛？,gygyuio
7/29,7,[問卦]看到AV男優拚了命擠兩滴出來在想甚麼?,a152508
7/29,,[問卦]老婆生了黑人嬰兒我被綠了嗎???,Kaneshiro5
7/29,,[問卦]有年輕女生喜歡館長的卦嗎?,triumphant10
7/29,7,Re:[問卦]台彩澄清：很多國家都隔半小時才開獎,winfredx
7/29,7,[問卦]要找到沒有垃圾的ubike有多難?,KSHLO
7/29,,[問卦]食尚玩家明明尚算優質為何要停掉呢?,mnhyuiop
7/29,,[問卦]ptt鄉民:在林書豪身上看到韓的影子,kingfsg7326
7/29,,[問卦]我想變得跟你們一樣帥,seal81924
7/29,3,[問卦]有沒有肉の日的八卦,ggcip0514
7/29,7,[問卦]給你我的全部你是我今生唯一的賭注,fujixerox
7/29,5,[問卦]有沒有歐美都不鎖車門的八卦,alone10350
7/29,7,[問卦]兩岸開戰抓到女解放軍能幹嘛？,p69005103
7/29,,Re:[問卦]第一次覺得台北有那麼多香港人,sbs5099
7/29,,Re:[問卦]現在少子化很嚴重嗎,sdbb
7/29,1,Re:[問卦]不會煮菜可以開餐廳嗎？,twnndnpdnc
7/29,,[問卦]貓貓這種眼神是想做啥??,k44754
7/29,1,[問卦]整天po香港文是想遮蓋什麼?,Tiiek
7/29,,[問卦]蛇丸的極限在哪裡？,Illyacow
7/29,4,[問卦]不會煮菜可以開餐廳嗎？,ronny1020
7/29,,Re:[問卦]大家還有什麼夢想？,kappaisshit
7/29,3,[問卦]好奇館長如果全身真的坐下去吃屎哥會怎麼,soursoursour
7/29,2,Re:[問卦]明年被統的話，誰要負最大責任？,coffee77
7/29,7,[問卦]有沒有呼吸燈的八卦？,energyaxd
7/29,3,[問卦]林書豪是不是也有在看PTT呢？,dinosaur8484
7/29,1,[問卦]這樣算不算看到鬼啊,powder5566
7/29,,Re:[問卦]明年被統的話，誰要負最大責任？,oneoneeight
7/29,3,Re:[問卦]即刻救援的媽媽是不是台女寫照,hTCm10
7/29,1,[問卦]台灣人的普通話怎麼那麼不標準？？,dameontree
7/29,2,"Re:[問卦]2019年了,中國怎麼還敢限制網路?",shotholisi
7/29,,[問卦]港仔移民台灣600萬就ok了？,jason860129
7/29,3,[問卦]請問如何檢舉造謠？,AGIknight
7/29,,Re:[問卦]明年被統的話，誰要負最大責任？,OyAlbert
7/29,3,[問卦]要怎麼準確的搶到五樓?,kuma525566
7/29,4,[問卦]去超商賣場會有強迫症買有健康標章,erik8866
7/29,1,[問卦]有妹子一直看我怎辦,shevchen
7/29,5,[問卦]有沒有彩券是窮人税的卦？,a98987605
7/29,7,[問卦]法學院雙主會計會不會把自己操死,stuj9019
7/29,1,[問卦]大家還有什麼夢想？,elec1141
7/29,6,[問卦]耶~我誰我說幹就幹>,bengowa
7/29,3,[問卦]真的很多夫妻生小孩之後就不做愛ㄛ？,angelgirl13
7/29,4,Re:[問卦]又第三名了，1450該怎麼辦？,cycling
7/29,,[問卦]保加利亞玫瑰的精油,amy93
7/29,,Re:[問卦]第一次覺得台北有那麼多香港人,cra2y37037
7/29,5,[問卦]用過舊台幣的鄉民都幾歲了？,wwwson1256
7/29,7,[問卦]小馮哭過嗎？,bearma0613
7/29,,[問卦]有沒有出訪福利的八卦？,bloodydevil
7/29,1,[問卦]耐耐隱藏了什麼><(小穹陣線),EmeraldAZ
7/29,3,[問卦]有沒有中國躺著又中槍的八卦?,bota
7/29,4,[問卦]吃飯看到有個大叔石門水庫沒關,WolfTeacher
7/29,3,[問卦]又第三名了，1450該怎麼辦？,moshenisshit
7/29,4,[問卦]吃屎哥算Man嗎?,c1236
7/29,2,[問卦]碰到貪吃的喵喵該怎麼辦？,spartaucs896
7/29,,[問卦]手刀算違反刀械槍炮嗎？,kingtama
7/29,1,[問卦]整天坐中央南門的484沒任務接的魯蛇?,seabax
7/29,,[問卦]讀過麥可阿瑟為子祈禱文都幾歲了？,lauver
7/29,2,[問卦]18歲千人斬V.S.30歲處男誰最硬,dinex
7/29,,[問卦]全家冰沙跟冰旋風選哪個好Ô_Ô,money990160
7/29,,[問卦]中14億要怎麼過奢侈的生活阿？,lauwei
7/29,,Re:[問卦]可愛的馬？,amy93
7/29,2,[問卦]彭政閔引退賽的票有比張學友的難搶嗎?,GODLP
7/29,1,[問卦]七八年級很幸福在經濟最好的年代,jason860129
7/29,,[問卦]看過麥可喬丹打球的人都幾歲了？,nanami56
7/29,3,Re:[問卦]碩士進GG輪班要存多久才能在台北買房子,e741000
7/29,1,[問卦]下午茶吃很爽嗎？,danmitsu
7/29,5,[問卦]有人想好中威力彩怎麼花了嗎？,amaru03
7/29,,[問卦]台灣要變香港還是墨西哥？,tonyamy3
7/29,,[問卦]為何麥香多年來可以一直這麼便宜,Fiztcc
7/29,3,Re:[問卦]這次威力彩頭獎號碼是多少呢？,yqyqkqkq
7/29,,[問卦]上海公共租界,li7915566
7/29,1,[問卦]可愛的馬？,husky5566
7/29,,[問卦]岳飛在歷史上的評價怎麼樣？,ccugoo
7/29,2,[問卦]如果捷運能累積里程數？,terumikami
7/29,1,[問卦]豆漿加辣,huei0612
7/29,,[問卦]有沒有101超可愛阿伯的卦,bchen1222
7/29,3,Re:[問卦]台彩澄清：很多國家都隔半小時才開獎,smalltwo
7/29,5,[問卦]這是什麼毛毛蟲ㄚ？,Hyver
7/29,7,[問卦]這是催淚彈還是化學武器?,Yolosnow
7/29,,[問卦]請問我該對杜老爺還是蜷尾家失望？,huabandd
7/29,,[問卦](認真問)亞妮哭了怎麼辦?,a828203
7/29,,Re:[問卦]港女到底是什麼樣，大家都說碰不得？,allyourshit
7/29,,[問卦]是誰偷喝了我的爽啤,ansi54
7/29,1,Re:[問卦]有沒有長榮這幾年打爆華航的八卦啊,int1000
7/29,,Re:[問卦]有人吃過壽司之神小野二郎的壽司嗎,Sherlock56
7/29,,[問卦]香港人為什麼不攻擊警察？,SSZZ77
7/29,2,[問卦]這次威力彩頭獎號碼是多少呢？,became
7/29,2,[問卦]第一個吃海底撈被撈麵甩到臉上的人在想啥,inmee
7/29,3,[問卦]我好像生病了..,microchipIC
7/29,3,[問卦]有沒有十八節課的八卦？,chuchichan
7/29,,[問卦]心靈判官算女權動畫嗎？,vwwvwvvvwvv
7/29,,[問卦]館長辦比賽女子健力很多人看?,huice
7/29,,[問卦]急！威力彩如何買？,gn01765288
7/29,,[問卦]原來真的有人當業務會找以前同學？,HiyamaRen
7/29,,[問卦]周子瑜是中國人,winter2683
7/29,1,[問卦]客家歌曲,nbaqq44
7/29,,Re:[問卦]明年被統的話，誰要負最大責任？,eyck
7/29,2,Re:[問卦]如何在大熱天西裝筆挺啊！？,Phoenix723
7/29,,[問卦]有沒有現任板主中有妹子的八卦？,aaaba
7/29,4,[問卦]中國人世界最愛好和平民族,li7915566
7/29,,[問卦]港女到底是什麼樣，大家都說碰不得？,ray90910
7/29,,[問卦]台灣先民是如何取得土地成為地主？,Qoo2222
7/29,8,[問卦]林書豪vs陳偉殷，如何評價,bubblebeauty
7/29,5,[問卦]當瑜珈被禁止那天,aQQQQQQQQQQ
7/29,,[問卦]欸!發文篇數大於上站日數是怎樣?,ssss0960193
7/29,,[問卦]母貓一直在哭怎麼辦,blessbless
7/29,6,Re:[問卦]是誰說的漂亮女生沒大腦？,RAGnBONE
7/29,9,Re:[問卦]明年被統的話，誰要負最大責任？,iorittn
7/29,3,Re:[問卦]台彩澄清：很多國家都隔半小時才開獎,banditer
7/29,,Re:[問卦]有沒有飲酒被污名化的八卦,Montana01
7/29,3,[問卦]小傑釣的那條魚真的是最大的？,Ieesmart
7/29,,[問卦]大逃殺遊戲為什麼要說跑圈不是跑圓啊？,wlo3176844
7/29,8,[問卦]諸葛亮有沒有揮淚斬馬謖?,cattgirl
7/29,,[問卦]SJW是現代聖戰大師嗎？,hatephubbing
7/29,7,[問卦]有沒有飲酒被污名化的八卦,motan
7/29,,[問卦]溫蒂漢堡真的有那麼好吃嗎？,ipadmini6
7/29,,[問卦]挖靠！大事件！魯夫跟騙人布吵架了！！！,ununnihao
7/29,6,[問卦]到底有幾個人對希絲特莉亞有非份之想?,emperor
7/29,7,[問卦]正妹身邊朋友也是正妹,thewtf
7/29,3,[問卦]水果刀原來受槍砲刀械管制條例的卦?!,rote
7/29,7,[問卦]☹大奶怪☹,ph98
7/29,2,[問卦]有腦內有攻擊慾望的鄉民嗎？,oppo5566
7/29,,Re:[問卦]騙神明跟騙人民哪個比較過分,foog19960628
7/29,1,[問卦]最近怎麼出現那麼多蜘蛛絲????,dameontree
7/29,2,Re:[問卦]客家人到底得罪誰了？,moshenisshit
7/29,6,Re:[問卦]是誰說的漂亮女生沒大腦？,kkes0001
7/29,,[問卦]3酸甘油脂過高會怎樣?,Oral
7/29,,[問卦]妹妹嫁給刑警不好嗎？,rickey1270
7/29,3,[問卦]能跟阿福一直在一起嗎？,rickey1270
7/29,4,Re:[問卦]現在少子化很嚴重嗎,Mastermind02
7/29,2,[問卦]是誰說的漂亮女生沒大腦？,amy93
7/29,2,[問卦]4k螢幕字太小該怎麼辦,entitle
7/29,,[問卦]23歲生日（發錢）,Usayhiisayha
7/29,6,[問卦]土豪肥宅vs祖傳型男誰會贏的卦,iPadAir6
7/29,,[問卦]我閉上眼睛就是天黑,Montana01
7/29,3,[問卦]連千毅是不是比較有大哥風範？,leo841102
7/29,4,Re:[問卦]明年被統的話，誰要負最大責任？,taipeixcity
7/29,9,[問卦]有沒有熱戀期最長可以多久的八卦,pttshit
7/29,5,[問卦]在公司當邊緣人該怎麼辦,e741000
7/29,,[問卦]有吃喝全靠公司的八卦嗎？,became
7/29,1,Re:[問卦]在迴轉壽司店吃了740夠稱肥宅了嗎？,RoroyaZoro
7/29,,Re:[問卦]全盛時期李小龍打得贏館長嗎?,ll6a
7/29,1,Re:[問卦]明年被統的話，誰要負最大責任？,posen2012
7/29,,[問卦]第一次覺得台北有那麼多香港人,curtpy
7/29,3,Re:[問卦]已婚的鄉民真的都不會介意老婆被人上過喔,moonmaker
7/29,,[問卦]大腸頭要配哪一家的芥末？（急）,sGuitar
7/29,,[問卦]香港怎麼都不拚死反抗?,zxc2331189
7/29,9,[問卦]大家支持的統一是哪一種？,yqyqkqkq
7/29,,[問卦]騙神明跟騙人民哪個比較過分,kai257437
7/29,1,Re:[問卦]明年被統的話，誰要負最大責任？,sss1234
7/29,9,Re:[問卦]自己20幾代，1代大概何時來台的R,q5212
7/29,,Re:[問卦]跟蘿莉四目相接？,redDest
7/29,2,[問卦]已婚的鄉民真的都不會介意老婆被人上過喔,speechless18
7/29,,[問卦]內衣那麼不舒服為什麼女生堅持要穿？,PaseIsGOOD
7/29,,Re:[問卦]蘋果產品是不是失去魔力了？,Gamblers5566
7/29,4,[問卦]現在小孩是不是不知道波霸原意是巨乳了？,TigerMask
7/29,,[問卦]付費防毒軟體哪個好用,hmenri
7/29,,[問卦]閉上眼睛看得到血管?,malindorothy
7/29,3,[問卦]福利熊打的贏館長嗎？,fidelity77
7/29,1,"[問卦]有司馬昭之心,路人皆知,卻司馬庫斯的風景",andrewkuo
7/29,,[問卦]自己20幾代，1代大概何時來台的R,AJhe0924
7/29,3,[問卦]中共是不是沒想到香港會爆發大規模抗議?,ruby00514
7/29,5,[問卦]為何還沒有職業選手向館長挑戰健力？,doreamon909
7/29,,Re:[問卦]郭采潔為何去大陸後就劣化,starcraftiii
7/29,3,Re:[問卦]明年被統的話，誰要負最大責任？,garry5566
7/29,,[問卦]台彩澄清：很多國家都隔半小時才開獎,Elsie1999
7/29,,Re:[問卦]明年被統的話，誰要負最大責任？,tml7415
7/29,,Re:[問卦]如何在大熱天西裝筆挺啊！？,dino23
7/29,,[問卦]跟蘿莉四目相接？,NCTUEE800808
7/29,4,Re:[問卦]明年被統的話，誰要負最大責任？,wsx7516twtw
7/29,,[問卦]郭采潔為何去大陸後就劣化,rialto
7/29,1,Re:[問卦]國小畢旅時帶什麼能成為班上焦點,teddy1209
7/29,2,Re:[問卦]中國解放軍鎮港時機？,SIK3
7/29,9,[問卦]音準可以練嗎？,axvbn
7/29,,[問卦]日本是不是掀起了中國熱?,MaInDog5566
7/29,,[問卦]撿到剛長毛的麻雀該怎麼處理,boyce0209
7/29,,Re:[問卦]中國解放軍鎮港時機？,yqyqkqkq
7/29,,Re:[問卦]蘋果產品是不是失去魔力了？,quartzr
7/29,3,Re:[問卦]是誰讓亡國感流行起來的？,gugugaga
7/29,9,[問卦]幾年前被FBI查封的「生物資源中心」，遭前探員爆料當時內部,ravager
7/29,3,Re:[問卦]明年被統的話，誰要負最大責任？,andycat5566
7/29,,"[問卦]有司馬昭之心,路人皆知,卻沒司馬遷之心",andrewkuo
7/29,,[問卦]笑咪咪的三角飯團?,freertos
7/29,,[問卦]珍珠奶茶台語怎麼說,kkes0001
7/29,1,Re:[問卦]中國解放軍鎮港時機？,wolver
7/29,4,[問卦]王力宏去哪了,weixiaoyo
7/29,3,[問卦]如果館長打死了吃屎真的沒法律責任嗎,ru30734
7/29,7,[問卦]賭俠的某個片段是不是被剪掉了,knightfat
7/29,7,Re:[問卦]香港獨立的話，中共會怎麼樣？,CORSA
7/29,,[問卦]如果鄉民中威力彩會怎麼回饋PTT?,autokey
7/29,2,Re:[問卦]明年被統的話，誰要負最大責任？,senma
7/29,,Re:[問卦]大家如果當總統會怎管理精障人士？,gankgf
7/29,3,Re:[問卦]中國解放軍鎮港時機？,epson5566
7/29,2,[問卦]如何確定家裡外面的好兄弟是肥宅?,wilson5566
7/29,,Re:[問卦]大家如果當總統會怎管理精障人士？,appledavid
7/29,,[問卦]只有七千塊能買什麼堪用的空拍機,botbank
7/29,,[問卦]祖先是戴潮春事件的西王可以幹嘛？,AtsuHiro
7/29,,[問卦]現在少子化很嚴重嗎,Oral
7/29,1,Re:[問卦]大家如果當總統會怎管理精障人士？,barrymagic
7/29,3,[問卦]發現缺錢少女怎麼辦？,NCTUEE800808
7/29,,[問卦]咒語講三次賺大錢,AngelsDemon
7/29,5,[問卦]蘋果產品是不是失去魔力了？,muse87131
7/29,7,Re:[問卦]斜槓是什麼意思？,CLV518
7/29,,Re:[問卦]如何在大熱天西裝筆挺啊！？,PAULJOE
7/29,,[問卦]為何珍奶在日本不用漢字用タピオカティー?,NARUTO
7/29,1,[問卦]有沒有側邊沖水馬桶用手或用腳的掛,rainbow7173
7/29,,[問卦]ARMANI的眼鏡很脆弱嗎?,odd5566
7/29,,Re:[問卦]買私菸的官員會不會變成世紀罪人？,Osuma
7/29,2,[問卦]女生會在意男生的高中學歷嗎?,athena1983
7/29,,[問卦]惡狼反串放羊的孩子都沒有人發現?,zalora
7/29,,Re:[問卦]中國解放軍鎮港時機？,rote
7/29,,[問卦]家裡換了4K電視第一個應該看什麼節目,hTCm10
7/29,1,[問卦]吃冰吃到別種口味你會勃然大怒嗎?,ymx3xc
7/29,5,[問卦]八仙過海是要去那裡？Σ(っﾟДﾟ；)っ,Qpera
7/29,,[問卦]香港人為什麼不能出武器來?,zxc2331189
7/29,,[問卦]為什麼你們大部分人都怕老闆？,liveforhappy
7/29,,Re:[問卦]蔣開穴是殺人魔頭?????,loveices
7/29,,Re:[問卦]明年被統的話，誰要負最大責任？,seigzion
7/29,,[問卦]頑game讓我們學到了什麼教訓？,blakedawes12
7/29,6,[問卦]為啥在星巴克都看不到麥書?484過氣了?,peterlin495
7/29,4,[問卦]文昌帝君是文組的嗎？,Apex88rs
7/29,8,[問卦]有沒有長榮這幾年打爆華航的八卦啊,stantheman
7/29,,[問卦]菊下樓主廚都不在了為啥還不會倒？,YaDianNa
7/29,,[問卦]電池沒電叫什麼？（急）,adl117980
7/29,1,[問卦]香港港口罷工不是更有效？,alaskaman
7/29,3,Re:[問卦]去中國讀書這麼屌嗎？,VdustR
7/29,5,[問卦]只會讀書,billkingFH
7/29,,Re:[問卦]冰淇淋紅茶，融化之後是?,weni302
7/29,,[問卦]斜槓是什麼意思？,wang1b
7/29,3,[問卦]台灣人都不太懂俄羅斯與中國真正關係？,HiyamaRen
7/29,,Re:[問卦]小馮接受了你的追蹤要求！,xzcb2008
7/29,,[問卦]在東京鐵塔第一次眺望,cloudlaba
7/29,,[問卦]土耳其人為何愛來比他落後的台灣發展？,popobang
7/29,2,[問卦]中國解放軍鎮港時機？,dearevan
7/29,1,[問卦]在112校區做什麼最專業？在線等,dvleo
7/29,7,[問卦]有奔雷手文泰來八卦嗎？,annasuiisme
7/29,,Re:[問卦]是誰讓亡國感流行起來的？,zalora
7/29,,[問卦]明年被統的話，誰要負最大責任？,korzen
7/29,4,[問卦]吸油面紙是什麼時候沒落的？,adl117980
7/29,9,[問卦]地獄魔鬼特訓到底在幹嘛？,Raphael666
7/29,1,Re:[問卦]遇過最扯不敢吃的食物是什麼？,PanaS0Nic
7/29,,Re:[問卦]鄉民眼中哪個YouTuber才是清流,posen2012
7/29,1,Re:[問卦]小馮接受了你的追蹤要求！,tetsuya0310
7/29,1,Re:[問卦]哪道豬肝料理最需看師傅功夫？,doggy1985
7/29,1,[問卦]遇過最扯不敢吃的食物是什麼？,Wrawra
7/29,,[問卦]買私菸的官員會不會變成世紀罪人？,haha27586
7/29,6,[問卦]台灣沒有跳傘484很可惜?,hebeshaman
7/29,,[問卦]客家義民不幫朝廷平亂林爽文會成功嗎？,LoveMakeLove
7/29,,Re:[問卦]蔣開穴是殺人魔頭?????,No3456p
7/29,3,[問卦]如何在大熱天西裝筆挺啊！？,AJhe0924
7/29,,Re:[問卦]小馮接受了你的追蹤要求！,KittyDog
7/29,,[問卦]超急在線等!枯葉散る夕暮れは,rondox
7/29,,[問卦]有人吃過壽司之神小野二郎的壽司嗎,metallican
7/29,,[問卦]畢業旅行在遊覽車上要點唱什麼歌？,qazxc1156892
7/29,,Re:[問卦]哪道豬肝料理最需看師傅功夫？,yakifone
7/29,,[問卦]手機遠端電腦哪樣最安全？,yataiml001
7/29,,[問卦]有沒有MC耀宗屌打薩諾斯的掛？,poem5566
7/29,5,[問卦]為什麼講到原子彈都會提到相對論,tavern
7/29,7,[問卦]斷水流、何金銀、館長三方威脅誰贏？,yachungyu
7/29,,Re:[問卦]去中國讀書這麼屌嗎？,icrose
7/29,2,Re:[問卦]客家人這麼節儉為何客家菜這麼澎湃?,smalltwo
7/29,3,Re:[問卦]為什麼台灣捷運都這麼慢才蓋好?,arcysaint
7/29,,[問卦]鄉民眼中哪個YouTuber才是清流,Friend5566
7/29,,[問卦]有個外省老人要插隊該怎麼辦？,senrenbanka
7/29,,[問卦]台灣人太矯情！,liuyihui
7/29,2,Re:[問卦]哪道豬肝料理最需看師傅功夫？,AizenSousuke
7/29,7,[問卦]去中國讀書這麼屌嗎？,linyoyo
7/29,,[問卦]鄉下紅綠燈左轉專用號誌設假的嗎?,yoyodiy
7/29,2,[問卦]大家如果當總統會怎管理精障人士？,NightStick
7/29,,[問卦]顏值公車,AngelsDemon
7/29,2,[問卦]看完鬼片驚悚片身體很癢是不是正常,nikubou5566
7/29,2,[問卦]內建電池的3C要丟哪？,momo988
7/29,3,Re:[問卦]有沒有家裡有蟑螂就要燒房子的八卦阿,Gjoy
7/29,,[問卦]明天報紙頭條新聞是什麼？,bang59487
7/29,,Re:[問卦]有沒有家裡有蟑螂就要燒房子的八卦阿,susaku
7/29,,[問卦]學店畢業還能進大公司是不是後台都很硬,yuanisme
7/29,5,Re:[問卦]客家人這麼節儉為何客家菜這麼澎湃?,LouisLEE
7/29,,[問卦]哪個工作可以看女性裸體看到膩,nikubou5566
7/29,9,[問卦]拍這種圖要我買點數......,a520
7/29,,[問卦]國小畢旅時帶什麼能成為班上焦點,lee09876772
7/29,5,"[問卦]2019年了,中國怎麼還敢限制網路?",wondtty
7/29,,[問卦]客家人這麼節儉為何客家菜這麼澎湃?,hoyumi
7/29,4,[問卦]遇到詐騙怎麼辦,baroquex
7/29,6,Re:[問卦]鄭怡到底是誰啊??,NightStick
7/29,5,[問卦]現在社會男不婚是失敗組女不婚是勝利組??,kaitai
7/29,3,[問卦]台大抽宿舍,JiaSyuan
7/29,2,Re:[問卦]那些料理可以代表台灣？,PanaS0Nic
7/29,,[問卦]鐵獅玉玲瓏是不是台灣最強的漫才組合?,chuan3988
7/29,,[問卦]大腸和蚵仔是不是毀了麵線？,Linsway
7/29,,Re:[問卦]那些料理可以代表台灣？,icrose
7/29,6,Re:[問卦]在迴轉壽司店吃了740夠稱肥宅了嗎？,yspen
7/29,3,[問卦]於人力仲介的工作環境比較,daric9180
7/29,,[問卦]那些料理可以代表台灣？,zxc052630489
7/29,,[問卦]如果台灣團結起來，會發生什麼事？,jump1230
7/29,,[問卦]有沒有家裡有蟑螂就要燒房子的八卦阿,bluegold
7/29,3,Re:[問卦]kodomo板要隱板到什麼時候,ilovebaby
7/29,,[問卦]有沒有馬上上班工作的八卦,a6000200
7/29,,[問卦]在迴轉壽司店吃了740夠稱肥宅了嗎？,aynmeow
7/29,,[問卦]如果我現在八卦板被搞到水桶…,polobolo
7/29,,[問卦]期待著一個幸運和一個衝擊,cloudlaba
7/29,,[問卦]創公會要取什麼名字才會聽起來很強,HappyDiD
7/29,1,[問卦]如果中國網路完全開放？,ihl123456
7/29,,[問卦]肥宅夠格當大學教授嗎,yun54272
7/29,6,Re:[問卦]給你10億一輩子不能回來台灣你接受？,Jekk
7/29,,[問卦]☎尼克森打給月球上的阿姆斯壯☎,seabox
7/29,4,[問卦]角蛙看著人類時在想什麼?,yspen
7/29,7,[問卦]同事很臭，該怎麼開口跟他說???,Benegas
7/29,5,[問卦]捷式怎麼游才輕鬆？,chean1020
7/29,8,[問卦]哪道豬肝料理最需看師傅功夫？,humbler
7/29,5,[問卦]做什麼工作可以恍神+放空,ffreakk
7/29,3,[問卦]這是哪種蜂的蜂窩,a84868912
7/29,3,[問卦]每天進研究室都在耍廢怎解,james7890
7/29,1,[問卦]急性結膜炎怎麼這麼麻煩,swinggcat
7/29,4,[問卦]漂到小島上，怎麼辦,CCFbest
7/29,5,[問卦]62歲體力真的會很差嗎？,trylin
7/29,,[問卦]有沒有中國國務院發言人一開口就是,andy2011
7/29,5,[問卦]有沒有香港的扶輪社正在幹嘛的八卦,cdcardabc
7/29,2,[問卦]沙石車的沙石都是哪裡挖的?,XXXXGGYY
7/29,4,[問卦]要怎麼保護他的夢？,say29217074
7/29,4,Re:[問卦]中國人什麼時候要再革命？,sesame307
7/29,2,[問卦]最近這幾次民調是怎麼做的,LastDinosaur
7/29,,Re:[問卦]為什麼林書豪不檢討自己？,goodjeff
7/29,3,[問卦]大腳桶的哪種飲料最好喝?,lyrelyre
7/29,1,Re:[問卦]台灣現在可以怎麼幫香港？,todao
7/29,6,[問卦]你記得哪些八卦名人的ID?,silver5566
7/29,,[問卦]我應該在車底不應該在車裡,nut7470
7/29,,[問卦]有了etoro大家還需要學投資嗎?,Beanoodle
7/29,5,[問卦]為什麼林書豪不檢討自己？,LEDG
7/29,5,[問卦]竹科工程師的小孩484比較容易進NBA啊？,jeremy1999
7/29,3,[問卦]學生時代搞直銷的同學，現在都在做什麼？,choipei
7/29,8,[問卦]酸民發現小馮比某市長實質還強的感受,g56
7/29,2,[問卦]吃台梗九號糙米會很浪費ㄇ,Superxixai
7/29,3,Re:[問卦]普通人跟重量級世界拳王的差距大概多少,whiteseyes
7/29,,[問卦]板主水桶人還念布袋戲招式的卦,kiowa12345
7/29,,[問卦]NBA真的適合我們嗎,okokok0410
7/29,5,Re:[問卦]有沒有第一天實習該注意什麼的卦,tony84590
7/29,,[問卦]壽司郎到底在排三小,aynmeow
7/29,,[問卦]為何坦誠查私菸會被打成貪腐?,Pidoju
7/29,8,[問卦]姓劉有多大機會是漢室宗親？,awsq00000
7/29,7,[問卦]最近一堆人穿Guess的衣服?,PanaS0Nic
7/29,3,Re:[問卦]香港出事為什麼柯糞會緊張？,chihchan
7/29,,[問卦]在麥當勞把掉到盒子的生菜吃掉很客家嗎,bobyhsu
7/29,4,Re:[問卦]葡萄跟葡萄柚到底有什麼關係？,hqu
7/29,4,[問卦]吃飯買衣服拿出一百萬面額的鈔票會？,bubu26
7/29,5,[問卦]為什麼歐洲適合人居住呢？,a12141623
7/29,,[問卦]中國人什麼時候要再革命？,yahappy4u
7/29,1,[問卦]肥宅每人配一個安喬辣寶貝會願意舔中嗎,A1bertPujols
7/29,,[問卦]警察帥哥生日該如何慶祝,funsky
7/29,,[問卦]廢文不見了,simoncha
7/29,,[問卦]請問藏電的電需要多大的倉庫？,uei1201
7/29,,[問卦]圖奇和FB是不是最大輸家?,blastGG
7/29,3,[問卦]登！時間快到囉～,Qoo20811
7/29,4,[問卦]七張家樂X試吃,f880200
7/29,,[問卦]泡麵的香味到底有什麼魔力？,yu800910
7/29,7,[問卦]Debbie是不是超正,dreamenjoy
7/29,,[問卦]秋菊之落英是什麼意思？,sbflight
7/29,,Re:[問卦]自己離婚的爸爸在外面生了一個女兒是,aadd88654
7/29,8,Re:[問卦]太陽熱度到地球沒變涼,kingtama
7/29,,[問卦]帥哥今天也加2小喔,ROC92
7/29,2,Re:[問卦]兩個黑絲妹擋住出口該怎辦?o'_'o,miss80423
7/29,4,Re:[問卦]普通人跟重量級世界拳王的差距大概多少,a0919414591
7/29,,[問卦]恐慌問！！！男同事的味道好香怎麼辦,Ericz7000
7/29,,[問卦]太陽熱度到地球沒變涼,piggy37
7/29,,[問卦]李奧納多跟布萊德彼特誰比較帥?,PanaS0Nic
7/29,2,Re:[問卦]如何擁有刺青但不像8+9呢？,doro0202
7/29,,[問卦]葡萄跟葡萄柚到底有什麼關係？,reexamor
7/29,1,[問卦]在陽臺裸體很興奮是暴露狂嗎,blackzero1
7/29,,[問卦]台北哪裡最多小黃拉客？在線等,VitoYoung
7/29,5,[問卦]大屯火山爆發是不是好處多多?,seabax
7/29,8,[問卦]美國7-11有什麼好吃的,rrrivz
7/29,6,[問卦]有沒有長安十二時辰角色名字的八卦?,vvvi
7/29,3,[問卦]利用神經病算是缺德嗎？,energyaxd
7/29,6,[問卦]有沒有誰會抽菸很意外?,rothenberger
7/29,6,[問卦]比較乾淨衛生的夜市,cosmite
7/29,,[問卦]如何擁有刺青但不像8+9呢？,HappyDiD
7/29,,Re:[問卦]在低能卡發露點照的女生在想什麼？,doro0202
7/29,2,[問卦]三色豆如果換成毛豆是不是就完全不一樣了,ccyaztfe
7/29,6,[問卦]兩個黑絲妹擋住出口該怎辦?o'_'o,gaiaesque
7/29,2,[問卦]御飯糰都撕不好的八卦,gg0815
7/29,9,[問卦]pornhub會成為人類最後自由聖地嗎,racksold
7/29,6,[問卦]台灣五絕，誰是合適人選?,st797912
7/29,2,[問卦]豪神加入富邦勇士有沒有搞頭？,AizenSousuke
7/29,,[問卦]在低能卡發露點照的女生在想什麼？,wertabcmk
7/29,,Re:[問卦]女孩是大隻馬是不是通常代表身型好一些？,NightStick
7/29,4,[問卦]史帝夫不會討厭戴夫嗎？,powenyu
7/29,,[問卦]誰比較會賺錢？,iyok
7/29,2,[問卦]被女生糾正姿勢怎麼辦?,Rusnake5566
7/29,,Re:[問卦]台灣人愛自爽？外國人真心話：夜市很噁,lolo0129
7/29,1,[問卦]只是太年輕快樂和傷心都像在演戲,hopeskyme
7/29,3,Re:[問卦]有沒有50元便當的八卦,gerychen
7/29,5,[問卦]是我嘴變大還是雙手捲變小？,freespirittw
7/29,9,Re:[問卦]聖結石怎麼新歌點閱率這麼低？,VVizZ
7/29,6,Re:[問卦]有沒有谷阿莫在中國很紅的八卦？,greenseason
7/29,5,[問卦]莫凡彼起司口味哪裡買得到,jeremy1999
7/29,,[問卦]有沒有人看到“☺”就莫名想笑?,Secret69
7/29,4,[問卦]聖結石怎麼新歌點閱率這麼低？,sgtpepper
7/29,,[問卦]對汽車雙重標準的都什麼人呀？,noonecare
7/29,,[問卦]自由時報頭版居然沒有統一發票號碼,UYan
7/29,,[問卦]有沒有我前幾世種下，不斷的是牽掛,h2030625
7/29,5,Re:[問卦]汐止人有資格吵著要捷運嗎？,hTCm10
7/29,,[問卦]有沒有牡丹樓的八卦,zouelephant
7/29,1,Re:[問卦]有沒有傘被偷了的八卦？,ass50606
7/29,,[問卦]握推70公斤在健身房算是什麼等級的？,Elsie1999
7/29,6,[問卦]香港警察難考嗎？,xinghh
7/29,,[問卦]中國人台灣人的民族性為啥差這麼多？,amoyui
7/29,6,[問卦]什麼情況才能跟女生說要不要交往？,lpbrother
7/29,3,[問卦]為啥台灣街上垃圾桶很少,stuj9019
7/29,1,[問卦]消失的雞腿肉,moon12311231
7/29,,[問卦]冰淇淋紅茶，融化之後是?,dingwk
7/29,4,[問卦]1450有沒有分階級?,DoraGmon
7/29,3,[問卦]幹！公關都給我進來！,ElizabethXIV
7/29,,[問卦]拔鼻毛是不是很爽,richshen
7/29,2,[問卦]LINE冰淇淋兌換有人換到過??,q789
7/29,4,Re:[問卦]大家都被洗牙多久啊？,fantasibear
7/29,5,Re:[問卦]當兵被幹走過什麼東西最扯？,enskyzuso
7/29,,[問卦]有沒有50元便當的八卦,peoplemore
7/29,4,[問卦]在溫哥華要做什麼？,aprilee
7/29,8,[問卦]音樂課女老師突然一起互動是不是很棒?,kerkers
7/29,7,[問卦]衝浪膝蓋會黑是正常的嗎？,iamairfish
7/29,,Re:[問卦]知名樂隊為何最後都會解散?,ccyaztfe
7/29,2,Re:[問卦]有沒有空屋稅的八卦？,cloud3455
7/29,,[問卦]五月裝成妹妹的樣子,CavendishJr
7/29,3,[問卦]台灣也有劍橋分析嗎,HAmakers
7/29,,[問卦]如果男生再也沒有性慾了？,bearma0613
7/29,,[問卦]粉紅熊貓有多好賺?,whathefuc
7/29,,[問卦]肥宅守住爭鮮出餐口的八卦,SeaForest
7/29,3,Re:[問卦]台灣人愛自爽？外國人真心話：夜市很噁,IslamicState
7/29,,[問卦]腳踏車怎麼放上去的?,SangoDragon
7/29,,[問卦]知名樂隊為何最後都會解散?,DoraGmon
7/29,,[問卦]公司聚餐一起吃什麼好???,medi588
7/29,,[問卦]富士山上打雷怎麼辦，在線等,MoToBlue
7/29,,[問卦]你我484都推了吳宗憲一把?,johanLarson
7/29,,[問卦]一直覺得滑鼠很髒是不是強迫症,z1976
7/29,,[問卦]玩玩積木換換座位聽聽唱片又輪迴了幾遍,paulabxz123
7/29,,Re:[問卦]九陰白骨爪跟降龍十八掌有古書教學嗎?,donation12
7/29,,[問卦]如果同一個機子單卡比雙卡?,lotudi
7/29,,[問卦]有沒有吃便當等於吃蟑螂的卦,Vincent6964
7/29,5,[問卦]1450這兩天都在幹嘛？,AGIknight
7/29,,[問卦]吃屎哥>林志成?,SODAECHO1
7/29,,[問卦]台灣如同遊子母親大陸的煩惱,tmacfly
7/29,,[問卦]一個月能租十萬元以上房子都是什麼人？,badjye911
7/29,,[問卦]普通人跟重量級世界拳王的差距大概多少,liveforhappy
7/29,,[問卦]被肥宅下巴沾到過的小提琴價值會降低嗎？,monine
7/29,8,[問卦]NeilYoung最經典的是哪首?,rondox
7/29,,[問卦]為何不用機槍掃這些港狗?,rothenberger
7/29,4,Re:[問卦]大家都被洗牙多久啊？,LiaMeow
7/29,6,[問卦]台灣黑道的槍枝也是超買進來的嗎？,maplehao
7/29,,[問卦]香港人怎麼那麼愛把台灣扯在一起？,Eangel
7/29,3,Re:[問卦]給你10億一輩子不能回來台灣你接受？,winterson
7/29,,[問卦]50嵐的飲料哪種最好喝?,Kuru991
7/29,5,[問卦]鮑叔牙的牙齒好嗎?,entitle
7/29,3,[問卦]大家還要選搭華航嗎？,fickleness
7/29,,[問卦]大力金剛腿（無敵時間+無詠唱）？,tetsu2008
7/29,1,Re:[問卦]全盛時期李小龍打得贏館長嗎?,testtesttest
7/29,4,Re:[問卦]全盛時期李小龍打得贏館長嗎?,WomanizerNo7
7/29,4,Re:[問卦]40歲的男孩要叫50歲的女生什麼??,st797912
7/29,1,[問卦]大家都被洗牙多久啊？,viviD
7/29,,[問卦]肥宅是不是有奶子又有雞雞的究極生物,angryfatball
7/29,4,[問卦]大學生有一張股票很厲害嗎？,noah23
7/29,1,[問卦]九陰白骨爪跟降龍十八掌有古書教學嗎?,darkstar07
7/29,,[問卦]有沒有好想吃自助餐的八卦,uroi
7/29,5,[問卦]中樂透幫朋友辦信用卡會被發現嗎？,snakei14702
7/29,,[問卦]如何不一秒惹怒綠帽男？,kaminari22tw
7/29,,[問卦]有沒有頂新魏應充其實是好人的卦,Kevin0224
7/29,9,Re:[問卦]給你10億一輩子不能回來台灣你接受？,sh981215
7/29,7,[問卦]走私的刑事起訴期有多久,orionbeer
7/29,,[問卦]台灣是不是沒有貧富差距擴大的情形？？,a520
7/29,4,[問卦]館長的翹臀有幾分？,leo841102
7/29,,Re:[問卦]啟智班選班長怎麼解？,gmooshan
7/29,1,Re:[問卦]長照為什麼不叫老人自己出錢?,goodjeff
7/29,3,Re:[問卦]瑞士錶真的有這個價值嗎?,PAULJOE
7/29,3,[問卦]最原始的天堂最高等是多少？,Ax0101
7/29,8,Re:[問卦]眷村小孩都說自己過的很苦？,cloud3455
7/29,,[問卦]新馬辣要點什麼才是專業？,coga4712
7/29,,[問卦]朋友兒子姓韓可以取什麼名字,bang59487
7/29,3,[問卦]有沒有巴斯卡的八卦,NCKUer
7/29,7,Re:[問卦]全盛時期李小龍打得贏館長嗎?,sharkman
7/29,7,[問卦]台灣彩卷哪來那麼多錢的？,sky9527
7/29,,[問卦]下午很想睡覺怎麼辦?,ccugoo
7/29,,[問卦]其實天使紅蝦很難吃吧?,btm978952
7/29,6,[問卦]楓之谷裝備點到+10有多難,asd097287
7/29,1,Re:[問卦]加州有什麼必吃餐廳啊？,Mephedrone
7/29,,Re:[問卦]靜香484有雙重標準？,ffaarr
7/29,,[問卦]眷村小孩都說自己過的很苦？,f17690815
7/29,1,[問卦]有沒有人去過柯夢波丹夏日派對,yamakazi
7/29,,[問卦]身為肥宅卻是電腦白癡？,melogod
7/29,2,[問卦]會支持吉翁的484含粉?,tonyselina
7/29,,[問卦]有沒有買淘寶買到獨立的八卦,m57396
7/29,,[問卦]有沒有屏東縣長治鄉的八卦？,Scorfish
7/29,3,[問卦]啟智班選班長怎麼解？,adagiox
7/29,2,[問卦]被別人栽贓怎麼辦?,fkukg52155
7/29,3,[問卦]吃狗肉可以防止被野狗咬嗎,yyyyyyyv
7/29,4,Re:[問卦]智商高代表去念書就會念得好嗎?,AnJo9
7/29,,[問卦]總統一年選一次不就好了？,KK10305
7/29,,[問卦]今天有15億威力彩沒新聞,qqq87112
7/29,,"[問卦]""韓粉都是垃圾""的統計數據是哪來的？",CLV518
7/29,1,[問卦]有沒有跑路的八卦,motan
7/29,7,[問卦]駭入中國網路不斷播播中共惡行中國人會,tok892xt7
7/29,5,[問卦]急!畫圖忘記分圖層怎麼辦,kikiki37
7/29,1,Re:[問卦]貪婪老人弄爛社會丟給下一代,ray90910
7/29,,[問卦]歐洲人歧視亞洲人嚴不嚴重？,pslr1
7/29,,[問卦]發現老婆跟她的高爾夫球教練偷情怎麼辦,a1992540
7/29,2,[問卦]如果九陰白骨爪是抓小館長呢？,elec1141
7/29,1,[問卦]芒果喜歡吃芒果乾嗎？,Beanoodle
7/29,4,[問卦]有沒有女版吃屎哥或鄧佳華這樣的女網紅?,darkstar07
7/29,8,[問卦]在捷運手扶梯上被戳腰可以告她嗎,clhs1123
7/29,4,[問卦]長照為什麼不叫老人自己出錢?,LYS5566
7/29,7,Re:[問卦]欸！半年從７３公斤變成５９公斤算厲害嗎,NX3456
7/29,,Re:[問卦]有沒有空屋稅的八卦？,yoyodiy
7/29,,Re:[問卦]有沒有今年教甄亂來的八卦,nknu20
7/29,2,Re:[問卦]加州有什麼必吃餐廳啊？,titigirl
7/29,1,Re:[問卦]林志成VS館長小巨蛋售票會爆嗎,alice137651
7/29,3,[問卦]人生給你檸檬作檸檬水那給你芒果乾呢,D600dust
7/29,,[問卦]給你10億一輩子不能回來台灣你接受？,blasheep22
7/29,,[問卦]黑人是不是不會打棒球？,Vivian5566
7/29,5,[問卦]館長如果沒斷九陰白骨爪會怎樣?,ZXSC
7/29,3,[問卦]格鬥爆衣的設定怎麼被拿掉了??,kingtama
7/29,,[問卦]自己離婚的爸爸在外面生了一個女兒是什,soulboy330
7/29,9,Re:[問卦]有亡國危機意識不好嗎,SiaoHan
7/29,,Re:[問卦]妹妹跟我說她胖了怎麼辦?,redDest
7/29,1,Re:[問卦]勞力士的綠水鬼484醜到爆？,ISAM1
7/29,5,[問卦]稻米收割機怎麼運作的？,kaiting00
7/29,3,[問卦]吳宗憲雪茄一次買多少,XDDDDDDDDDD
7/29,1,Re:[問卦]欸你們都會被威脅嗎,smallGGgirl
7/29,,[問卦]射！直到我膝蓋中了一箭,hatephubbing
7/29,9,[問卦]李小龍到底有多強？,sandiato
7/29,4,[問卦]欸你們都會被威脅嗎,D600dust
7/29,,[問卦]人資阿姨故意不發薪可以告她背信罪嗎?,DreamRoom
7/29,1,Re:[問卦]林志成VS館長小巨蛋售票會爆嗎,johnny9667
7/29,,Re:[問卦]現在台灣職場上對女性還有性別歧視嗎,smallGGgirl
7/29,,[問卦]女孩是大隻馬是不是通常代表身型好一些？,kerkers
7/29,6,[問卦]法國人和義大利人哪個適合當國防部長？(,alchemist106
7/29,7,[問卦]100訂閱收集Q&A會太早嗎？,poeta
7/29,3,[問卦]台灣的狂人是誰？,FlashWolves
7/29,3,[問卦]為什麼人死了說話聲音變得很低沉緩慢,forrester
7/29,,[問卦]現在台灣職場上對女性還有性別歧視嗎,NCKUFatPork
7/29,7,[問卦]香港警察的鎮暴操是不是跳得很爛?,KKKKJAY
7/29,5,[問卦]古代老人是不是比較聰明,wuchiou
7/29,1,Re:[問卦]五毛最近的戰略目標挑撥台港關係,zalora
7/29,,Re:[問卦]館長腿踢是不是解不了？,eric999
7/29,,Re:[問卦]無敵風火輪贏的了館長嗎?,BoYan
7/29,,[問卦]以後問館長484該歸類成政問,posen2012
7/29,,Re:[問卦]白人是地球上最優越的人種嗎?,dake
7/29,,Re:[問卦]瑞士錶真的有這個價值嗎?,minifat
7/29,4,[問卦]低能卡註冊要求是不是很高？,soulboy330
7/29,6,[問卦]無敵風火輪贏的了館長嗎?,DreamRoom
7/29,8,[問卦]為什麼張學良在賣芒果干時，那麼多人配合,butten986
7/29,8,[問卦]有沒有人一定要談戀愛的卦,sesame307
7/29,3,Re:[問卦]撿到煙,manhaspen
7/29,2,[問卦]有沒有熊貓得犬瘟熱的八卦,dryadj85481
7/29,1,[問卦]吃維他命c會很亢奮嗎,ssss0960193
7/29,8,[問卦]瑞士錶真的有這個價值嗎?,a111111
7/29,8,[問卦]腋下濕成一片是什麼感覺？,e1608
7/29,3,[問卦]你各位願意等多久的早餐？,gerychen
7/29,1,[問卦]有沒有1999要收費的八卦?,gotopark
7/29,1,Re:[問卦]水管怎麼一堆某某看影片後的反應,smallGGgirl
7/29,,[問卦]有沒有這次香港事情比較少人關注的八卦?,harrishu
7/29,6,Re:[問卦]館長腿踢是不是解不了？,Godfrey0216
7/29,1,[問卦]20年後吃屎哥跟館長再打一場可以嗎,zzing
7/29,2,Re:[問卦]當兵被幹走過什麼東西最扯？,HeartDisease
7/29,5,Re:[問卦]有沒有谷阿莫在中國很紅的八卦？,SiaoHan
7/29,,[問卦]貪婪老人弄爛社會丟給下一代,twin1949tw
7/29,2,Re:[問卦]哪裡可以約到原住民妹子,AizenSousuke
7/29,3,[問卦]撿到煙,Tapqou
7/29,4,[問卦]17年前的抽獎哪個禮物最棒呢？,bubu26
7/29,4,[問卦]這時候買台積電股票是不是很笨,minifat
7/29,,[問卦]全盛時期李小龍打得贏館長嗎?,xyz4594
7/29,5,[問卦]TARA有可能全部都被潛規則過嗎??,gungu
7/29,4,[問卦]有沒有杉原千畝的八卦,cycling
7/29,2,[問卦]有沒有空屋稅的八卦？,JH10
7/29,5,Re:[問卦]當兵被幹走過什麼東西最扯？,ls4860
7/29,2,Re:[問卦]用外國城市取路名不覺得很俗氣嘛？,yoyoyin0119
7/29,,[問卦]館長是不是靠規則勝？,kimifort
7/29,5,[問卦]台灣有真正的性別平權嗎？,E6300
7/29,5,Re:[問卦]有亡國危機意識不好嗎,QF2200DA
7/29,4,[問卦]雲層可不可以充電啊？,gaga200408
7/29,,[問卦]台北適合學生聚餐的餐廳,junyussh
7/29,,Re:[問卦]水管怎麼一堆某某看影片後的反應,bassmaster
7/29,7,[問卦]獎金爭奪戰是不是商店街一年一度運動會,hochengyuan
7/29,6,[問卦]有沒有今年教甄亂來的八卦,nknu20
7/29,,[問卦]去倫敦有什麼好吃的（幫人問）,AtsuHiro
7/29,3,Re:[問卦]哪裡可以約到原住民妹子,seigzion
7/29,9,Re:[問卦]有亡國危機意識不好嗎,OyAlbert
7/29,,[問卦]真正有用的消暑產品？？？？？,a963
7/29,7,[問卦]館長腿踢是不是解不了？,candon
7/29,5,Re:[問卦]當兵被幹走過什麼東西最扯？,VVV5555
7/29,3,[問卦]泌尿科醫師體檢看到小gg會笑出來嗎,iamasoldier
7/29,2,[問卦]為什麼台灣沒有能看的遊樂園,zxc85918zxc
7/29,5,[問卦]有沒有錢包卻沒有錢的八卦,fhuocrkt
7/29,,[問卦]有沒有通訊行一堆老人的八卦?,tga123
7/29,5,[問卦]肥宅如何面對女童,g758085231
7/29,6,[問卦]什麼樣的人會把撥冗參加看成撥穴參加阿?,VVizZ
7/29,,Re:[問卦]台灣都看不到香港電影了嗎？,icrose
7/29,,Re:[問卦]當兵被幹走過什麼東西最扯？,victoryss
7/29,,Re:[問卦]網球教練和老婆做愛怎麼辦？,oooo
7/29,,[問卦]怎樣才不會讓女生覺得被句點？,qazxc1156892
7/29,,[問卦]當兵被幹走過什麼東西最扯？,trapt
7/29,,[問卦]為什麼台灣人自衛有罪r,linzhomasong
7/29,,Re:[問卦]欸！半年從７３公斤變成５９公斤算厲害嗎,DreamRoom
7/29,,[問卦]勞力士的綠水鬼484醜到爆？,muse87131
7/29,4,[問卦]wstyle周品均是聰明女人嗎？,hachi612
7/29,,[問卦]海軍陸戰隊到底有多苦?,peoplemore
7/29,8,[問卦]怕熱比較會受批評，怕冷不會？,moshenisshit
7/29,,[問卦]妹妹跟我說她胖了怎麼辦?,glthe1
7/29,3,[問卦]中華民國為何不外送民主到香港？,gerychen
7/29,6,Re:[問卦]40歲的男孩要叫50歲的女生什麼??,ssss0960193
7/29,4,[問卦]欸憑什麼早午餐都是西式的？,a78914124
7/29,2,[問卦]勸世圖是不是已經過氣?,yspen
7/29,,Re:[問卦]有沒有谷阿莫在中國很紅的八卦？,VVizZ
7/29,,Re:[問卦]如何讓鬍子別長那麼快？（認真問）,goldcity5
7/29,,Re:[問卦]所以有臺灣跳板IP嗎？,ReDmango
7/29,5,[問卦]台灣都看不到香港電影了嗎？,airva
7/29,,[問卦]津島善子是不是修過OS,F16V
7/29,,[問卦]有沒有谷阿莫在中國很紅的八卦？,alinalovers
7/29,,[問卦]40歲的男孩要叫50歲的女生什麼??,gungu
7/29,,Re:[問卦]欸！半年從７３公斤變成５９公斤算厲,jiabao0508
7/29,,[問卦]冠名後台灣節目品質有提升嗎？,Vram
7/29,1,Re:[問卦]中國用軍演歡迎美國人是不是超屌的?,zaku2015
7/29,6,Re:[問卦]電競路由器有比較好用嗎,lpbrother
7/29,,[問卦]國安局走私香菸案今天要有完整報告？,fickleness
7/29,2,[問卦]請問這是什麼蟲?,shosakura
7/29,2,[問卦]一直嘻嘻的人到底是怎樣,adsl12367
7/29,,[問卦]棉T+高中運動短褲=?,Superxixai
7/29,1,Re:[問卦]有沒有農曆七月變成不能玩水的日子？,words2012
7/29,4,[問卦]有沒有農曆七月變成不能玩水的日子？,iversonman
7/29,5,[問卦]電競Hinet網路有比較好用嗎?,johnny9667
7/29,1,[問卦]這次七夕PornHub還有活動嗎？,Toge
7/29,9,[問卦]聖火降魔錄可以活下來，星海爭覇沒辦法？,cycutom
7/29,4,[問卦]一萬條煙分給我老婆的妹妹們一人能拿幾條,xianyao
7/29,,Re:[問卦]有亡國危機意識不好嗎,kirbycopy
7/29,,Re:[問卦]現在香港的年輕人是不是最慘的世代?,icrose
7/29,6,[問卦]淡水湖面積比台灣還大?,anoymouse
7/29,,[問卦]電競路由器有比較好用嗎,lianpig5566
7/29,,[問卦]大家都去哪裡吹免費的冷氣?,johnny9667
7/29,,Re:[問卦]當兵第一天晚上都在想什麼,r310520
7/29,,[問卦]記者很愛用『坦言』是否該關三天,navicrops
7/29,,Re:[問卦]如何讓鬍子別長那麼快？（認真問）,senma
7/29,1,Re:[問卦]馬國畢是不是還錢達人,Xinsancai
7/29,2,[問卦]甚麼直播平台最棒?,sleepyuan
7/29,,[問卦]義妹只要七萬該衝嗎,ilovemumi
7/29,,[問卦]用束帶綁抗議民眾是合法還是不合法,MADUMA
7/29,5,[問卦]可以接受被正妹戴假屌肛嗎？,opengaydoor
7/29,1,Re:[問卦]需要去咖啡廳才能讀下書的都誰？,i8067
7/29,5,[問卦]櫃姐都擦什麼牌子的香水？,sbflight
7/29,2,[問卦]今天尻尻惹嗎?o'_'o,gaiaesque
7/29,2,[問卦]一萬條菸最終使用者到底是誰？,AsahiBeer
7/29,,[問卦]大便味咖喱vs咖喱味大便,happy2gether
7/29,1,[問卦]你有沒有看到我的小馬桶?,dogwww
7/29,3,Re:[問卦]需要去咖啡廳才能讀下書的都誰？,aabbcc610
7/29,8,[問卦]現實有在關注香港的是少數,DDHOWDA
7/29,,Re:[問卦]第三次世界大戰是不是快打起來了？,E6300
7/29,,[問卦]把港警操到過勞死的可能性?,charco
7/29,,[問卦]有亡國危機意識不好嗎,yank0612
7/29,,[問卦]認真問義妹說要和我繁衍後代怎麼辦,Ericz7000
7/29,4,[問卦]朋友被綠了還一直說她快樂就好...,ejeanstone
7/29,9,[問卦]有人知道這是什麼石像嗎？,soarman
7/29,,[問卦]網球教練和老婆做愛怎麼辦？,Kuru991
7/29,7,[問卦]有錢人知道肚子餓是什麼感覺嗎,Aloee
7/29,2,Re:[問卦]以館長的量級他的速度算快嗎,donation12
7/29,,[問卦]一支穿雲箭為何能夠千軍萬馬來相見？,pata20344
7/29,,[問卦]只會回應：「嗯。」的人是在句點什麼？,manhaspen
7/29,,[問卦]肥宅拉女同事去玩拳擊機有加分嗎？,zft777
7/29,,[問卦]幹鳥屎也太臭了吧==,seabox
7/29,4,[問卦]以館長的量級他的速度算快嗎,ss8901234
7/29,2,Re:[問卦]用外國城市取路名不覺得很俗氣嘛？,DanGong5566
7/29,,[問卦]會喊打開推進器的都幾歲了,tivallion
7/29,6,[問卦]需要去咖啡廳才能讀下書的都誰？,teeheehee
7/29,,[問卦]欸！半年從７３公斤變成５９公斤算厲害嗎,Qoo20811
7/29,2,[問卦]為啥要亂移別人的機車啊,twim1368
7/29,,[問卦]CPBL跟SBL是不是都中了黃體鎮,F16V
7/29,,[問卦]無牙瘋牙控灰機,onollll
7/29,,Re:[問卦]為什麼醜八怪愛健身,zpeople
7/29,2,Re:[問卦]如何讓鬍子別長那麼快？（認真問）,igarasiyui
7/29,7,[問卦]憨人484茄子蛋能唱得比五月天好,spirit119
7/29,4,[問卦]第三次世界大戰是不是快打起來了？,a8239060
7/29,1,[問卦]求書單的八卦,DaiRiT
7/29,,[問卦]用外國城市取路名不覺得很俗氣嘛？,MADUMA
7/29,8,Re:[問卦]台灣現在可以怎麼幫香港？,hamasakiayu
7/29,3,[問卦]拉姆~~~~~~~~~~,CavendishJr
7/29,,[問卦]肥宅你們下班或下課以後都在跟女友幹嘛？,WeiU
7/29,1,[問卦]黑人在美國會被瞧不起嗎？,rockon15
7/29,,[問卦]一早八點帶橡膠手套來廁所的用意是?,lovaka9
7/29,2,Re:[問卦]如果沒有22k,wisdom
7/29,,[問卦]正妹是不是其實也不難約,yamakazi
7/29,6,[問卦]有沒有国裝保護殼的掛？,ininagap
7/29,,Re:[問卦]如何讓鬍子別長那麼快？（認真問）,Mike1995
7/29,,Re:[問卦]為什麼藍光死不給16:9比例有卦？,NCKUer
7/29,7,[問卦]為什麼醜八怪愛健身,onollll
7/29,,[問卦]看過阿亮主持超級任務的都幾歲了？,taccor7788
7/29,,[問卦]馬國畢是不是還錢達人,s080014
7/29,2,Re:[問卦]台灣人愛自爽？外國人真心話：夜市很噁,quester08
7/29,,[問卦]女友假日出去玩，現在大腿內側很痠,deitly
7/29,,[問卦]還有人記得私菸案嗎,May75504
7/29,,[問卦]驚！大直不是在內湖區？！,ray90910
7/29,,[問卦]台灣年輕人484活該被老人決定未來？,SaberMyWifi
7/29,3,[問卦]美劇「生活大爆炸」最討厭誰？,ilv1181023
7/29,5,[問卦]要死一起死?,vodkalime607
7/29,1,[問卦]迪咔兒是不是也很喜歡吃迪咔,NCKUer
7/29,9,[問卦]為什麼藍光死不給16:9比例有卦？,royroy666
7/29,3,[問卦]有沒有哪一國最愛乾淨的八卦？,yulongwang
7/29,2,[問卦]在日本開珍珠奶茶店會不會遇到退燒?,jack096
7/29,7,[問卦]白人抓黑奴時瓦干達在幹嘛？,teeheehee
7/29,,[問卦]發明吸管的人是海龜殺手嗎,toolittle
7/29,,[問卦]怎麼發現檯面下的資產,q86856770
7/29,2,Re:[問卦]發文門檻是不是越來越扯了,NCKUer
7/29,,[問卦]有沒有銷魂蕩魄的八卦？,wuichenchen
7/29,4,Re:[問卦]一般人對上館長漢草等級要怎麼走位才能活,Acalanatha
7/29,6,Re:[問卦]露易莎咖啡怎麼紅起來的,teddy1209
7/29,1,[問卦]吃屎哥也有萬人追蹤？,adhere
7/29,4,[問卦]館長參加拳願可以打到哪?,h2030625
7/29,,Re:[問卦]為什麼豪車的妥善率都比買菜車差?,bluebluelan
7/29,2,[問卦]只剩兩天能夠發廢文的時間，各位會自桶嗎?,jack096
7/29,,[問卦]為什麼@叫小老鼠？,Ax0101
7/29,,Re:[問卦]異性也會肛肛，幹嘛只針對甲？,tenching
7/29,8,[問卦]手機的科技是不是已經停止爆發性創新了,FollowMe6
7/29,6,[問卦]歐美、西方對麻將到底有什麼誤解？,rich22084
7/29,,[問卦]中秋是十三號星期五？,InDer5566
7/29,3,Re:[問卦]一般人對上館長漢草等級要怎麼走位才能活,goetze
7/29,9,[問卦]為什麼豪車的妥善率都比買菜車差?,MotleyCrue
7/29,1,Re:[問卦]台灣現在可以怎麼幫香港？,yoyodio
7/29,3,[問卦]有沒有南北朝南梁權臣侯景的八卦,cmcnoone
7/29,3,[問卦]請問這樣紅綠燈要怎麼看,hirokifuyu
7/29,,[問卦]五毛最近的戰略目標挑撥台港關係,eyesg
7/29,,Re:[問卦]有人拔出來後還會看它流出來才擦掉嗎？,jack096
7/29,,Re:[問卦]水管怎麼一堆某某看影片後的反應,ivorysoap
7/29,3,Re:[問卦]台灣人愛自爽？外國人真心話：夜市很噁,yokann
7/29,1,Re:[問卦]水管怎麼一堆某某看影片後的反應,FollowMe6
7/29,,[問卦]這樣算偷嗎？,ak0903w
7/29,2,[問卦]日本人是不是對珍珠異常執著,zeugen
7/29,,[問卦]水管怎麼一堆某某看影片後的反應,hopeskyme
7/29,1,Re:[問卦]什麼男人會去娶已經有小孩的女人,zpeople
7/29,5,Re:[問卦]露易莎咖啡怎麼紅起來的,yoyoyin0119
7/29,,[問卦]曹丕、曹叡活久一點484就不會被篡位了？,ALOVET
7/29,5,[問卦]我想交一個年輕正妹女友辣><,wilson5566
7/29,6,Re:[問卦]台灣跟香港到底有毛線關係?,garry5566
7/29,1,Re:[問卦]為什麼香港抗議成這樣中共不改變作法,turgnev
7/29,,[問卦]台灣跟香港到底有毛線關係?,eddy12357
7/29,,[問卦]如果二個美國打起來,eyesg
7/29,,[問卦]遊戲直播的獲利是跟油土伯黃金交叉了嗎,xianyao
7/29,,[問卦]靜香484有雙重標準？,MUSTANG33
7/29,3,Re:[問卦]再縮短語句下去，詞彙能力就下降到零,KILLE
7/29,3,[問卦]有人拔出來後還會看它流出來才擦掉嗎？,frzqp3814396
7/29,,[問卦]館長毆打吃屎哥那刻就中計了吧,e741000
7/29,,[問卦]怎會把死守的寂寞放任了,vV070413
7/29,,[問卦]你會因為問問題可能被抓去關就不問嗎?,chicham
7/29,,Re:[問卦]在家只穿一條內褲的女生是不是很多？,SelfishGene
7/29,8,[問卦]阿甘家是不是其實還蠻有錢的?,abc12812
7/29,2,Re:[問卦]台灣人愛自爽？外國人真心話：夜市很噁,xvited945
7/29,,[問卦]再縮短語句下去，詞彙能力就下降到零,manhaspen
7/29,5,Re:[問卦]印度人怎麼看牛肉咖哩？,demitri
7/29,,Re:[問卦]如何讓鬍子別長那麼快？（認真問）,feoyeos
7/29,,Re:[問卦]早餐蛋餅要包什麼才算專業?,bluebluelan
7/29,7,[問卦]隨機森林在哪裡阿,Jyery
7/29,1,[問卦]現在是不是流行換個說法?,MizunaRei
7/29,,[問卦]早餐蛋餅要包什麼才算專業?,autokey
7/29,3,[問卦]所以台灣經濟哪年起飛的最有感？,voohong
7/29,3,[問卦]九陰白骨爪失敗的原因是少了另一半心法吧,maxknife
7/29,1,Re:[問卦]烤土司要抹什麼果醬?,a78914124
7/29,,Re:[問卦]為什麼海水是藍的？,GoldenDream
7/29,3,[問卦]佛羅里達男子跟新北父親誰比較厲害,kkkuccu
7/29,1,Re:[問卦]台灣人愛自爽？外國人真心話：夜市很噁,sbs5099
7/29,,[問卦]肥宅親手泡咖啡給女森有加分嗎？,s66449
7/29,,[問卦]什麼人會去玩線上博弈啊,p40403
7/29,,[問卦]為什麼香港抗議成這樣中共不改變作法,spirit119
7/29,,[問卦]有沒有日本人做三國遊戲自嗨的八卦？,kamisun
7/29,,Re:[問卦]我從來都不想自由哦哦,paulabxz123
7/29,7,[問卦]從新北開車到台南要注意什麼？,badjye911
7/29,,[問卦]如果沒有22k,a09250955
7/29,,[問卦]這次館長用了幾成力,yata4547
7/29,,[問卦]在公海格鬥需要簽生死狀嗎,zeugen
7/29,,[問卦]全世界只有妳不懂我愛妳,HDSM
7/29,5,[問卦]我從來都不想自由哦哦,powder5566
7/29,4,[問卦]終極警探算不算美國兩津勘吉？,brucielu95
7/29,4,[問卦]為什麼海水是藍的？,ShenVen5566
7/29,2,Re:[問卦]用國外IP發文的感覺是什麼,Couples
7/29,5,[問卦]請問大家看到小女孩這樣穿會心動動嘛?,roy1190
7/29,,[問卦]有沒有乾拌麵的八卦？,SoWell
7/29,,[問卦]肥肥們不睡覺是在幹麻,mendacious
7/29,2,Re:[問卦]為什麼台灣人不喜歡中國,hips
7/29,,Re:[問卦]說台灣太自由的都是什麼人,onetwogo
7/29,,[問卦]還是想不透為什麼要用黑道激化矛盾,ll6a
7/29,4,[問卦]船怎麼沒有後照鏡?,Nm025
7/29,4,[問卦]金城武睡了嗎？,yachungyu
7/29,5,[問卦]以父之名是神曲嗎？,ClotHaha
7/29,,[問卦]愛阿館愛起來,pppk555
7/29,2,[問卦]你們知不知道我今年想吃丹丹漢堡!,words2012
7/29,,[問卦]用國外IP發文的感覺是什麼,jack91303
7/29,7,[問卦]你各位為啥還不睡？,obov5116
7/29,1,[問卦]台北市的交通工具,z5419
7/29,,[問卦]遇到山上野狗追人怎麼辦?,asdfjoe
7/29,1,[問卦]消化這種事是先吃先拉嗎的八卦,sengoddard
7/29,1,[問卦]鄧不利多死了........,norfinway
7/29,,[問卦]要早起，現在肚子餓該去吃嗎？,obov5116
7/29,,[問卦]實驗室座位要怎麼佈置？,wuyiulin
7/29,1,Re:[問卦]TOYZ講美食真的很中肯嗎?,Lumial020
7/29,,[問卦]烤土司要抹什麼果醬?,uke3458
7/29,,[問卦]好想變回那個屁孩只會尻槍,paulabxz123
7/29,1,[問卦]臺北市的商圈,z5419
7/29,6,[問卦]為什麼雲不會掉下來?,tmacfly
7/29,,[問卦]客家人到底得罪誰了？,jason83813
7/29,,Re:[問卦]露易莎咖啡怎麼紅起來的,ffreakk
7/29,2,Re:[問卦]真的會有人塞跳蛋上街嗎？,Corsairs
7/29,9,[問卦]為什麼貓貓一下就睡著了啊？？,Lumial020
7/29,3,[問卦]八卦版是不是處男比例偏高啊？,Deadfisheyes
7/29,,[問卦]真的會有人拿蔬菜水果那個嗎？☺☺,mninyniy
7/29,1,[問卦]感覺輕飄飄，頭裡面有一陣風吹上來？,ht91008
7/29,,Re:[問卦]社區裡有神經病無解？,Fishing123
7/29,,[問卦]今日香港昨日台灣不過台灣人比較健忘?,alan9039
7/29,5,[問卦]外面的食物怎一直在叫？,joe55688
7/29,1,Re:[問卦]社區裡有神經病無解？,mikemagic88
7/29,5,[問卦]手機換門號是不是很麻煩,chubby31190
7/29,4,[問卦]【初音ミク】alternate【中文字幕】,y3226999
7/29,6,[問卦]社區裡有神經病無解？,Luwan
7/29,,[問卦]為什麼綠粉這麼不想亡國,ShenVen5566
7/29,,Re:[問卦]基隆火車站必吃美食?,iamgaylan
7/29,5,[問卦]為什麼俄羅斯簽證又麻煩又貴啊？,TsukimiyaAyu
7/29,7,[問卦]真的會有人塞跳蛋上街嗎？,dioradio
7/29,4,Re:[問卦]基隆火車站必吃美食?,Lumial020
7/29,9,[問卦]處男愛愛要用什麼姿勢好?,sodattone
7/29,2,[問卦]低能卡如何屌打ptt的八卦,Corsairs
7/29,8,[問卦]為何阿飄都只敢露出半臉而已？,fantasibear
7/29,4,[問卦]妹妹房間發現跳蚤…,algebraic
7/29,4,[問卦]為何不控管精障的人？,herex
7/29,,[問卦]所以有臺灣跳板IP嗎？,x5553434
7/29,4,Re:[問卦]客家人484都不搭捷運,KILLE
7/29,6,[問卦]啊～啊～愛人妳是在佗位,yesgogo
7/29,,[問卦]為什麼一個人吃火鍋要加錢,Xuxxin
7/29,,[問卦]台灣人民還沒起身是缺乏狼性嗎,sevenzgod
7/29,,[問卦]想要蹭大國是多自卑的心態?,thefworld
7/29,,[問卦]TOYZ講美食真的很中肯嗎?,q789
7/29,3,[問卦]客家人484都不搭捷運,ffreakk
7/29,7,"[問卦]星期二,騎車去竹圍海邊,好不好!",words2012
7/29,6,[問卦]氣氣氣！這些人之後將被迫隔離,maple0425
7/29,1,[問卦]台灣不盛行跑腿小弟??,joe6304105
7/29,2,[問卦]跳房子到底怎麼玩,lucifiel1618
7/29,,[問卦]Qmmmmmmmm是不是五毛？,micro0605
7/29,,Re:[問卦]基隆火車站必吃美食?,cena0605
7/29,2,[問卦]2007年的李連杰打的贏館長嗎？,ll6a
7/29,,[問卦]為啥很多原住民都不改回自己的族名?,dan5209
7/29,7,[問卦]台灣支持香港示威484亂了套,liang691206
7/29,,[問卦]你說你感到萬分沮喪甚至開始懷疑人生,yesgogo
7/29,,[問卦]不要一張雙人床中間隔著一片海,iamgaylan
7/29,,[問卦]客家人是不是已經絕種了？,quirky
7/29,3,[問卦]台灣人是不是要痛過一次才會覺醒,sbl2006
7/29,,[問卦]台中的第一廣場有辦法重出江湖嗎？,sky9527
7/29,6,[問卦]愛上愛的味道讓我臉紅心跳,HDSM
7/29,1,Re:[問卦]台灣現在可以怎麼幫香港？,pchunters123
7/29,1,Re:[問卦]香港獨立的話，中共會怎麼樣？,Ghamu
7/29,3,[問卦]去麗寶要玩什麼,kenny890429
7/29,,[問卦]企鵝要跳去哪裡啊？,TsukimiyaAyu
7/29,,Re:[問卦]說真的，亡國感是真的打從心底出現,liang691206
7/29,9,[問卦]背刺是要刺哪裡？,herex
7/29,1,Re:[問卦]香港警察為何不站在人民這邊？,SC30mvp
7/29,,[問卦]成龍是不是該自打嘴巴,ben28
7/29,,[問卦]有人敢把「那麼」放進電風扇嗎,ElizabethXIV
7/29,3,Re:[問卦]說真的，亡國感是真的打從心底出現,trylin
7/29,7,[問卦]粵語為什麼不潮了？,gaosuwo
7/29,1,[問卦]哪裡可以約到原住民妹子,quirky
7/29,,[問卦]為何蠢到自申報為已開發國不要優惠？,DDHOWDA
7/29,5,[問卦]異性也會肛肛，幹嘛只針對甲？,NightStick
7/29,3,[問卦]天地悠悠過客匆匆潮起又潮落,mean
7/29,,Re:[問卦]現在香港的年輕人是不是最慘的世代?,icrose
7/29,1,Re:[問卦]說真的，亡國感是真的打從心底出現,Tsucomi69
7/29,,Re:[問卦]為什麼台女可以忍受洋人的體味,SiaoHan
7/29,,Re:[問卦]你有提肛吸氣嗎?,gankgf
7/29,7,[問卦]要睡了發現自己勃起是在發情嗎？,jasd1786
7/29,8,[問卦]現在支持港仔，以後遊戲還會被罵On9台仔嗎,ELLA876
7/29,,Re:[問卦]香港警察為何不站在人民這邊？,liang691206
7/29,1,Re:[問卦]香港警察為何不站在人民這邊？,kuijun228
7/29,2,[問卦]愛上了你的氣味,mean
7/29,5,[問卦]中國鎖貨幣遊戲就鎖中國地區合理吧,FollowMe6
7/29,8,[問卦]慟!不知RTX2060該選哪張,Fishing123
7/29,,Re:[問卦]有沒有人臉辨識+行動支付的八卦,onetwogo
7/29,,[問卦]三明治吐司到底要不要烤過？,SSZZ77
7/29,4,[問卦]早上七點要起床要睡覺但是被吵醒怎辦?,rockon15
7/29,8,[問卦]蟑螂一直翻肚子痛苦的掙扎?,qwer338859
7/29,,[問卦]廢物怎麼過生日阿$,studentkeich
7/29,1,Re:[問卦]為什麼台女可以忍受洋人的體味,cosmite
7/29,,[問卦]香港警察為何不站在人民這邊？,ben28
7/29,8,Re:[問卦]有沒有送香港安全帽的後續?,liang691206
7/29,,Re:[問卦]PTT裡面有比Joke還好笑的板嗎？,Dinenger
7/29,7,[問卦]為什麼台女可以忍受洋人的體味,gaosuwo
7/29,5,[問卦]HOOTERS點什麼才專業?,BMW220i
7/29,,[問卦]你有提肛吸氣嗎?,chicham
7/29,1,[問卦]分岔(初音陣線文),y3226999
7/29,,Re:[問卦]女孩眼影用奇怪的粉紅色會不會被討厭,rainjuly
7/29,,[問卦]炒飯到底要不要加青菜？,z72117211
7/29,,[問卦]鳥鳥的頭是在晃什麼意思???,ashtetsuya
7/29,,[問卦]小潔被內射內褲也是一堆洨嗎？,a0800944939
7/29,,Re:[問卦]如果是六脈神劍打得贏館長嗎??,dsc450
7/29,1,Re:[問卦]小馮接受了你的追蹤要求！,swinggcat
7/29,9,[問卦]PTT裡面有比Joke還好笑的板嗎？,lunli924
7/29,,Re:[問卦]說真的，亡國感是真的打從心底出現,mean
7/29,,[問卦]最愛你的人是我你怎麼捨得我難過,Timekeeper
7/29,1,Re:[問卦]為什麼國小都會有人拉屎在褲子上？,yggyygy
7/29,,Re:[問卦]怎麼樣才不算廢文？,ElizabethXIV
7/29,5,[問卦]去香港可以帶安全帽嗎,yayaya5566
7/29,5,Re:[問卦]新鮮人在台中租房子月租多少不會餓死,zxcv91039
7/29,,[問卦]麥當勞超值餐有多＂超＂值？,eereer12325
7/29,,Re:[問卦]說真的，亡國感是真的打從心底出現,cloud72426
7/29,,[問卦]基隆火車站必吃美食?,koheik2
7/29,1,Re:[問卦]福斯golf有多經典？,mike555530
7/29,1,[問卦]時間不夠用？,AtsuHiro
7/29,,Re:[問卦]各位什麼時候決定脫離童貞的,Dinenger
7/29,4,Re:[問卦]台灣現在可以怎麼幫香港？,QF2200DA
7/29,,[問卦]當年看陶晶瑩打手槍的人都幾歲了?,G2S
7/29,6,Re:[問卦]有沒有人臉辨識+行動支付的八卦,R101
7/29,,Re:[問卦]有看到香港這樣還可以遮眼講幹話的人嗎?,Gjoy
7/29,,[問卦]各位什麼時候決定脫離童貞的,lightning879
7/29,,[問卦]胸前一片平坦的女孩兒怎麼被男孩喜歡？,bbob
7/29,3,Re:[問卦]大奶VS處女都幾,paca0713
7/29,,[問卦]大鵰VS處男都幾,be98
7/29,2,[問卦]有沒有人覺得當兵薪餉不夠付交通費?,d86249
7/29,1,Re:[問卦]台灣現在可以怎麼幫香港？,Dinenger
7/29,,Re:[問卦]怎麼樣才不算廢文？,mean
7/29,,Re:[問卦]8/1後的八卦板會變成怎樣o'_'o?,CenaC
7/29,,Re:[問卦]大奶VS處女都幾,zxcv91039
7/29,,[問卦]有沒有人臉辨識+行動支付的八卦,yoyostar1990
7/29,3,[問卦]是誰想出白衣黑道這一步的啊,matt1991
7/29,5,[問卦]新鮮人在台中租房子月租多少不會餓死？,ctrliam
7/29,,[問卦]台灣現在可以怎麼幫香港？,mukuro
7/29,,[問卦]珍重再見，期待在相逢,paca0713
7/29,5,[問卦]不能叫foodpanda的地方,lianpig5566
7/29,,[問卦]用沉默當作安慰解讀你的傷悲?,buke
7/29,3,[問卦]成功最大的敵人是誰,teddy98
7/29,,[問卦]蛋跟卵算同義字嗎？,eunhailoveu
7/29,4,[問卦]哪些版平常也都在當JOKE版在看？,naligono
7/29,,Re:[問卦]怎麼樣才不算廢文？,Dinenger
7/29,5,[問卦]KING打得贏館長嗎？,FlashWolves
7/29,,[問卦]有沒有諾瓦艾德華諾頓的八卦？,pauljet
7/29,,[問卦]大奶VS處女都幾,inrain
7/29,,[問卦]忘了時間的鐘滴滴答答不休,louis0210
7/29,4,[問卦]Redbull給你一對翅膀？？,blueskymaple
7/29,6,[問卦]蛋料理的王者,nut7470
7/29,2,[問卦]小黑人桑波為什麼這麼會吃？,hoyumi
7/29,7,[問卦]辛巴是怎麼吃蟲長大的,AhSs
7/29,2,[問卦]這次香港暴動的總召是誰？,taipei5566
7/29,5,Re:[問卦]中共還不開戰車進香港在等什麼？,panzer1224
7/29,1,Re:[問卦]欸！有沒有空氣吉他的卦？,Dinenger
7/29,,Re:[問卦]為什麼台灣人不喜歡中國,afflic
7/29,5,[問卦]這樣開甜點店有搞頭嗎?,wcpsgb
7/29,,Re:[問卦]心理諮商師是不是都是垃圾？,linkinppt
7/29,2,Re:[問卦]如果是台灣有辦法爆發跟香港一樣的抗議嗎,ruokcnn
7/29,,Re:[問卦]懂得永恆得要我們，進化成更好的人?,mean
7/29,9,[問卦]芷嫣在這次超買香菸案扮演什麼角色,G2S
7/29,4,[問卦]如果是六脈神劍打得贏館長嗎??,ms0286415
7/29,,[問卦]有沒有無敵防護罩的八卦,littli
7/29,,Re:[問卦]如果是台灣有辦法爆發跟香港一樣的抗議嗎,int1000
7/29,6,Re:[問卦]達賴喇嘛如果轉世來台灣，哪個城市較適合,Gjoy
7/29,,[問卦]怎麼樣才不算廢文？,paca0713
7/29,5,[問卦]8/1後的八卦板會變成怎樣o'_'o?,peterlin495
7/29,9,[問卦]欸！有沒有空氣吉他的卦？,Kyle5566
7/29,,[問卦]女孩眼影用奇怪的粉紅色會不會被討厭,bbob
7/29,,[問卦]懂得永恆得要我們，進化成更好的人?,Bignana
7/29,2,[問卦]覺得心很累怎麼辦？,bluebagel
7/29,,[問卦]有跟門薩協會相反的低智商組織嗎？,poeta
7/29,7,[問卦]中聯辦為什麼沒辦法駐紮台北？,cutiehoneyzu
7/29,1,[問卦]摸奶哥怎麼不去香港抗議的八卦,ich2
7/29,1,[問卦]中國豬為何愛翻牆?,epson5566
7/29,,[問卦]炮仔聲已經148集了怎麼還會上發燒阿??,stock5566
7/29,,[問卦]怒！為什麼沒有男兒牆？,Kyle5566
7/29,3,[問卦]叫不到FoodPanda現主時要安怎?,dodo774
7/29,3,[問卦]有不是醫生的八卦嗎,momo520
7/29,,[問卦]網軍一直po港豬為了掩蓋走私菸？,Noemen
7/29,,[問卦]大家手機照片最近的日期是幾號？,Gun2266321
7/29,1,[問卦]小霸王孫策如果活久一點會怎樣?,Ayanami5566
7/29,,Re:[問卦]為什麼台灣人不喜歡中國,elwyn
7/29,1,[問卦]SCP怎麼沒被拍成電影？,Yude0109
7/29,1,Re:[問卦]有看到香港這樣還可以遮眼講幹話的人嗎?,AizenSousuke
7/29,9,[問卦]買車不試乘的都是什麼人,kai257437
7/29,9,[問卦]平手友梨奈說她想跳ドレミ,fack3170
7/29,7,[問卦]朋友看獅子王起生理反應,JEWH
7/28,1,[問卦]現在還有哪個app能看到頭貼的嗎？,Wx7621
7/28,9,[問卦]西野七瀬在過幾年會變大阪歐巴桑嗎...,alan4ni
7/28,6,"[問卦]跟小林由依去看花火大会,但是..~",hizo
7/28,1,[問卦]所以你各位八卦肥宅每天都上線幾個小時,a1b2c3d4e5
7/28,9,[問卦]人站在殭屍裡面怎麼都不會被咬,mmmimi11tw
7/28,,[問卦]直播賣的假錶成本到底多少?,Tiara5566
7/28,,[問卦]如何打倒民主的反動派份子?,epson5566
7/28,7,[問卦]為啥有漂亮老婆的三國名將都很早死?,Ayanami5566
7/28,,[問卦]無間道跟神鬼無間哪個比較好看？,trylin
7/28,,[問卦]一線優吐伯是不是大多本來就是richㄌ,gogoeggs
7/28,4,[問卦]餐點外送人員大增是不是製造更多車禍元兇,aitt
7/28,2,Re:[問卦]如果是台灣有辦法爆發跟香港一樣的抗議嗎,dl41o
7/28,2,[問卦]九把刀提香港幹嘛？,shokotan
7/28,3,[問卦]如果想確認是不是登革熱要看一般診所嗎,MrZipper
7/28,,[問卦]看完JOJO第五部我無敵了,ll6a
7/28,8,[問卦]支那賤畜是否覺得香港會亂因為太自由了,andrew777
7/28,,Re:[問卦]有兩百萬閒錢該做什麼投資？,Paul1021
7/28,,[問卦]館長如果在屍速列車上會怎樣,CarBed
7/28,1,[問卦]一個人的晚餐無聊寂寞,HDSM
7/28,7,[問卦]有沒有一直死一直死一直死的八卦？,eateat14
7/28,3,[問卦]錢遺失在路上之後都去哪了？,jzoethai
7/28,2,[問卦]如何成為一個成熟的人？,wuyiulin
7/28,,[問卦]悲..日本女孩第一次性行為平均17.9歲,alan4ni
7/28,,[問卦]為何1450用香港暴民轉移私菸焦點,o02852six
7/28,,[問卦]達賴喇嘛如果轉世來台灣，哪個城市較適合,inmee
7/28,1,[問卦]我是不是被蝦皮討厭了,PaKaBa
7/28,7,[問卦]大鍋牛的用途是啥0.0,sunkiss5566
7/28,1,Re:[問卦]台電一直虧損，總經理不用負責？,chen0625
7/28,1,[問卦]大里人怎麼能活啊？,samgreco
7/28,,Re:[問卦]香港遍地開花,icrose
7/28,4,[問卦]只有我被吃屎哥激勵到嗎?,gankgf
7/28,4,[問卦]香港人什麼時候才能專心拚經濟,jajujo
7/28,,Re:[問卦]SUP好玩在哪?,RocKsHigH
7/28,1,Re:[問卦]韓國那麼會拍三級片為什麼不拍A片,ray90910
7/28,2,[問卦]喜歡上自己的老師該怎麼辦,RocktheBeat
7/28,7,[問卦]拿坡里要吃烤雞還是炸雞？,pqpqpqpq
7/28,8,[問卦]有沒有滷豆腐入味很慢的八卦？,kidd721001
7/28,4,[問卦]有兩百萬閒錢該做什麼投資？,oppo5566
7/28,1,[問卦]為什麼國小都會有人拉屎在褲子上？,gn01982667
7/28,1,[問卦]朝陽科大真的是很強的一所科大嗎,Paul1021
7/28,8,(已被Bignana刪除)<KK10305>政治問卦,-
7/28,,Re:[問卦]麥可科里昂教父堅持幹掉自己的二哥,seigzion
7/28,,[問卦]SUP好玩在哪?,abiese05
7/28,7,[問卦]香港抗議人士為何不使用運動戰?,epson5566
7/28,5,[問卦]香港遍地開花,Motola
7/28,,[問卦]欸！56你們現在會在現實中說自己是56嗎?,stanly678
7/28,1,[問卦]被砂石車撞到vs撞到賓利都幾,shih232329
7/28,1,[問卦]上杉謙信當初有沒有機會統一日本,wwwson1256
7/28,2,[問卦]有哪一些事情是去了美國才會知道的？,terumikami
7/28,7,[問卦]中古世紀製造冷兵器的速度？,Sechss
7/28,4,[問卦]有夢到自己睡不著的八卦ㄇ？,brucielu95
7/28,,[問卦]如果是台灣有辦法爆發跟香港一樣的抗議嗎,ruby00514
7/28,7,[問卦]中共還不開戰車進香港在等什麼？,hugh509
7/28,4,[問卦]嫖到大奶技術茶有多爽,curlymonkey
7/28,,[問卦]一天最多看到幾個值得硬起來的妹子？,sean12345678
7/28,2,Re:[問卦]為什麼計程車都一堆在違規幹,s86047777
7/28,8,[問卦]加到向井地美音的Line了?,hank49172008
7/28,,[問卦]韓國那麼會拍三級片為什麼不拍A片,seabox
7/28,2,[問卦]喜歡中國的台灣老人換喜歡自由的香港人,suntree
7/28,,Re:[問卦]海賊王是不是預言到今天的格鬥,Saytzev
7/28,5,[問卦]維尼熊會吃鮭魚嗎,mmmimi11tw
7/28,4,[問卦]中國找不到可以投到160公里的投手嗎?,Godfrey0216
7/28,2,[問卦]為什麼有些電影愛用氣音對話？,PokerMaster
7/28,9,[問卦]小馮接受了你的追蹤要求！,williebm
7/28,,[問卦]英國脫離充滿SJW的歐盟是個正確選擇嗎？,NARUTO
7/28,,[問卦]去乃木坂握手會要講甚麼的八卦?,Ininderrr
7/28,,[問卦]不用電子發票的人是不是很雞掰,Qmmm5566
7/28,,[問卦]炮仔聲很好看嗎,ok8752665
7/28,7,[問卦]亞洲最大靶場？,l6l6au
7/28,9,[問卦]八卦肥宅看企鵝妹斗內源源不斷是不是氣瘋了,baozi
7/28,,[問卦]有沒有按摩坐墊的八卦？,nonnon
7/28,4,Re:[問卦]台灣人到底喜歡企鵝妹哪一點呢？,PTTfaggot
7/28,1,Re:[問卦]五毛怎麼看待台灣聲援香港？,cal629195
7/28,4,[問卦]哪一家飯店自助餐最吸引人？,sean12345678
7/28,,[問卦]得癌症+老婆外遇+女兒同性戀怎解？,RocKsHigH
7/28,,[問卦]厚皮小籠包還是小籠包嗎？,Ulzzang
7/28,,Re:[問卦]六日戰爭...為什麼輿論倒向以色列??,seigzion
7/28,5,[問卦]日本精品像seiko為什麼進不去101購物中心？,cutiehoneyzu
7/28,,[問卦]提到騷女會想到誰？,NightStick
7/28,4,[問卦]為什麼不能盯著奇裝異服的人看？,redDest
7/28,,[問卦]麥可科里昂教父堅持幹掉自己的二哥,Reewalker
7/28,,Re:[問卦]為何Joeman都願意合作拉抬小眾頻道?,navicrops
7/28,2,[問卦]姐姐要我幫掏怎麼辦,ideso
7/28,,[問卦]清交大附近的情趣用品賣給誰的掛?,murray5566
7/28,9,[問卦]中華民國到底亡國沒？,Davichi5566
7/28,2,[問卦]人生是個婊子然後你會死的八卦?,js2a117573
7/28,5,[問卦]六日戰爭...為什麼輿論倒向以色列??,lobfo
7/28,3,Re:[問卦]香港出事為什麼柯糞會緊張？,ilanese
7/28,2,[問卦]獅子王裡面演的都是真的嗎？,LukeSkywaker
7/28,2,Re:[問卦]中後段大學畢業後去掛少尉階好嗎？,yamakazi
7/28,3,[問卦]會呼吸的馬路還有繼續呼吸嗎,hcyh
7/28,6,[問卦]兩個半小時是多久,stanly678
7/28,7,[問卦]一匙靈ex滅菌水跟小蘇打哪個強,gino0717
7/28,,[問卦]Perfume在日本算很紅嗎？,seacore07
7/28,2,[問卦]和STU48成員們一起去花火大會!!,hank49172008
7/28,2,[問卦]動物飼養員真的能夠跟野獸和平相處嗎？,coga4712
7/28,,[問卦]國小不熟的同學出了事才來裝熟怎辦？,TomFord5566
7/28,,Re:[問卦]港仔是不是出事了才跟台灣裝親切？,turgnev
7/28,1,Re:[問卦]為什麼澳門沒有抗爭?,tosay
7/28,,Re:[問卦]被妹妹誤會該如何解釋？,redDest
7/28,,[問卦]手牽手一步兩步三步四步望著天,hTCm10
7/28,1,[問卦]請問藍色染料跑去哪裡了?,Number9527
7/28,3,[問卦]如何分辨本省外省客家人?,annie06045
7/28,,Re:[問卦]欸！義務役士官能電志願役士兵嗎？,twin1949tw
7/28,,Re:[問卦]金庸會怎麼寫吃屎哥打館長這段？,allenc38
7/28,,[問卦]給蛇丸舔有多爽?,triumphant10
7/28,,[問卦]中14億第一件事要做什麼？,LukeSkywaker
7/28,7,[問卦]為什麼文化大學縮寫是PCCU,FanFan123
7/28,,[問卦]有看到香港這樣還可以遮眼講幹話的人嗎?,wingxl
7/28,2,[問卦]朋友做了惡夢,YU0121
7/28,2,Re:[問卦]美軍為什麼願意花大錢維護世界和平？,ckbdfrst
7/28,4,Re:[問卦]中後段大學畢業後去掛少尉階好嗎？,wade6510
7/28,4,[問卦]林書豪回來救得了台灣籃球嗎,Reewalker
7/28,5,[問卦]現在的年輕人是不是很崇拜陳雷？,samgreco
7/28,,Re:[問卦]金庸會怎麼寫吃屎哥打館長這段？,devilwind
7/28,,[問卦]米開朗基羅怎麼雕石頭的阿?,s3122762120
7/28,6,[問卦]下任台灣首富是誰？,shokotan
7/28,,[問卦]洋芋片界的霸主是誰,ai32
7/28,4,[問卦]為何Joeman都願意合作拉抬小眾頻道?,zxc8424
7/28,3,Re:[問卦]為什麼台灣人不喜歡中國,coco100
7/28,,[問卦]香港獨立的話，中共會怎麼樣？,Kuru991
7/28,6,Re:[問卦]香港出事為什麼柯糞會緊張？,butten986
7/28,4,[問卦]沒繳過罰單的嫩嫩通通1起來喔,TheDraggers
7/28,,[問卦]為何午餐要吃超大便,ppttcc
7/28,,Re:[問卦]會沒事嗆上法院是不是只有這兩種人,twin1949tw
7/28,8,[問卦]垃圾統派褲子沖到哪裡了,XXXXHAY
7/28,8,[問卦]西門的幸福堂是在排三小？,BlueBird5566
7/28,1,Re:[問卦]MSN如果率先推出手機版？,hn9480412
7/28,2,[問卦]指考作文用韓式寫法可以拿到幾成的分數?,v929598
7/28,4,Re:[問卦]去補習班然後打瞌睡的人在想什麼,qqmaybenot
7/28,2,Re:[問卦]為什麼香港人不奪棒？,KKKKJAY
7/28,,[問卦]哥哥這種生物是不是比芋頭還噁心,dogwww
7/28,5,[問卦]豆導會怎麼拍九陰白骨爪？,ai7701165566
7/28,6,Re:[問卦]五毛怎麼看待台灣聲援香港？,shotholisi
7/28,8,[問卦]註冊和登入次數不一樣會遺憾嗎?,sleepsnow
7/28,,[問卦]棒球場為何正妹超多？,EXGG
7/28,,[問卦]按摩都要按大腿內側？,pierre0916
7/28,9,[問卦]港警為什麼不用噴水車驅離,shenguan
7/28,6,Re:[問卦]港仔是不是出事了才跟台灣裝親切？,QF2200DA
7/28,9,[問卦]華農兄弟烤肉是不是特別好吃?,qope
7/28,7,[問卦]有沒有希特勒當年選舉演講的八卦？,Refauth
7/28,6,[問卦]會沒事嗆上法院是不是只有這兩種人,noname78531
7/28,2,[問卦]王哥柳哥逛愛河,blueskymaple
7/28,2,Re:[問卦]身為台灣人，比較討厭大陸人還是香港人？,lpoijk
7/28,,Re:[問卦]有嫖妓的人會固定捐錢嗎?,cal629195
7/28,,[問卦]八卦板花是誰?,ericisfish
7/28,4,Re:[問卦]舅舅一家都是廢物的八卦（認真,kobitos
7/28,3,Re:[問卦]美軍為什麼願意花大錢維護世界和平？,MrLuna
7/28,1,Re:[問卦]連嘴巴挺香港都做不到的是什麼人？,LanPha
7/28,7,[問卦]有沒有士官長的八卦？,nonnon
7/28,9,Re:[問卦]其實香港人一直也都瞧不起台灣人吧？,k44754
7/28,5,Re:[問卦]為什麼台灣很難吃到好吃的米,patrick611
7/28,4,Re:[問卦]荷蘭人知道祖先佔過台灣的484很少？,y30048
7/28,2,[問卦]殺人魔這職業是不是很血汗阿?,ilovenacy
7/28,2,[問卦]德國文組好像也表現不錯(怎沒人討論)?,hrma
7/28,1,Re:[問卦]一般人對上館長漢草等級要怎麼走位才能活,new1974
7/28,,Re:[問卦]港仔是不是出事了才跟台灣裝親切？,closky
7/28,,[問卦]只有台灣把Instagram簡稱成IG嗎,emperor
7/28,9,Re:[問卦]金庸會怎麼寫吃屎哥打館長這段？,stuj9019
7/28,6,[問卦]中國人不爽香港人不講普通話的八卦?,rxhivzero
7/28,1,[問卦]這是棋子還是塞子？,kjupsp
7/28,,[問卦]要800次登入了，可以接任士官長了吧？？,GreedyBian
7/28,,[問卦]欸！義務役士官能電志願役士兵嗎？,Kyle5566
7/28,5,[問卦]館長的攝影棚鋪地墊要17萬??,shrinkage
7/28,,Re:[問卦]館長打得贏林書豪嗎?,skbshawn
7/28,,[問卦]這是台灣人與中國人和平交往原則？,xgh760898
7/28,,[問卦]家裡出現一顆奇怪石頭該怎麼辦,Balabala1234
7/28,7,[問卦]有沒有那一種年繳十二萬儲蓄險的八卦？,k99t
7/28,,Re:[問卦]客家人會怎麼玩大富翁4,jj5110
7/28,9,[問卦]特南克斯是不是人生勝利組?,qope
7/28,,[問卦]老闆吃錯藥異常認真該怎麼辦？,luckytinasui
7/28,,[問卦]遇到很多喊著「唷吼後」的女戰士,stcr3011
7/28,7,"[問卦]明年""陽明交通大學""(陽交大)該如何招生?",bbbird0728
7/28,,Re:[問卦]連嘴巴挺香港都做不到的是什麼人？,trylin
7/28,3,[問卦]港鴿與台鴿哪個強?,poorcookie
7/28,2,Re:[問卦]台灣的槍械製造技術?,hayate232
7/28,2,[問卦]急！超商女店員對我微笑該怎麼解讀？,miss80423
7/28,1,[問卦]洨魯這樣是不是沒救了QQ,sayyes662
7/28,2,Re:[問卦]現在香港的年輕人是不是最慘的世代?,charco
7/28,,[問卦]為什麼晚上沒下雨老人要戴帽子?,georgebox
7/28,,[問卦]林書豪的哈佛經濟系學歷有用嗎,kingfsg7326
7/28,6,Re:[問卦]改成發文次數限制是不是能防公關（發錢）,vickyshan
7/28,3,[問卦]有沒有Twitter改版後變得不習慣的八卦,rrr0832
7/28,,[問卦]明天放假要怎樣睡覺睡到爽的八卦？,k99t
7/28,5,[問卦]如果沒有你？,ihl123456
7/28,3,[問卦]美國當年幹嘛不跟英國買香港,BlueBird5566
7/28,2,Re:[問卦]身為台灣人，比較討厭大陸人還是香港人？,jim1122
7/28,4,[問卦]林書豪賺得多嗎,teddy1209
7/28,7,[問卦]當你看著A片，A片也在看著你,cuteme5566
7/28,1,Re:[問卦]最有存在感的縣市？,toofat
7/28,,Re:[問卦]為什麼台灣人不喜歡中國,icrose
7/28,1,[問卦]幫車手打馬賽克是要怎麼協尋啦,f17690815
7/28,,[問卦]口吃可以當作傳染病嗎,yuwei0531
7/28,,[問卦]連嘴巴挺香港都做不到的是什麼人？,Fuzishan
7/28,,[問卦]中華民國國軍剿滅台獨，需要用到海軍嗎？,iChina
7/28,4,Re:[問卦]林書豪還相信上帝這個謊言嗎？,iGao
7/28,3,Re:[問卦]館長對戰吃屎哥為什麼都用腳攻擊？,bota
7/28,5,[問卦]現在香港的年輕人是不是最慘的世代?,iloveabay
7/28,2,[問卦]所謂的[大局]到底是什麼樣的人最喜歡提?,butten986
7/28,2,Re:[問卦]一般人對上館長漢草等級要怎麼走位才能活,liveforhappy
7/28,,[問卦]文青都很宅ㄇ,bonnie890319
7/28,,Re:[問卦]舅舅一家都是廢物的八卦（認真,hardlife
7/28,,Re:[問卦]香港關台灣什麼屁事啊?,onetwogo
7/28,,[問卦]賭神贏的錢,moonmaker
7/28,2,[問卦]Youtube演算法在搞什麼,marijuana420
7/28,2,[問卦]有沒有阿Ben不再出唱片的八卦？,ai7701165566
7/28,4,[問卦]遇到一台會說話的跑車,blueskymaple
7/28,7,[問卦]對付館長為何不用輪轉位移？,superyou
7/28,2,[問卦]黃金體驗鎮魂曲是不是真的？,john91018
7/28,2,[問卦]一直包著左手???,Fishing123
7/28,,[問卦]我還ㄅ能妥協,drai
7/28,3,[問卦]Thriller是不是最經典的mv?,trashpoking
7/28,3,Re:[問卦]為什麼台灣很難吃到好吃的米,dasuininder
7/28,,[問卦]呂頌賢的令狐沖是不是沒人可以超越,girl55665566
7/28,7,[問卦]為什麼電動機車都不做abs？,ayasesayuki
7/28,5,[問卦]棒球選手大谷翔平的梗圖?,huice
7/28,5,[問卦]愛像一場重感冒嗎0.0,sunkiss5566
7/28,6,[問卦]除了警方用槍其他唯一死刑會怎樣,sushi11
7/28,6,[問卦]館長打得贏林書豪嗎?,NuCat
7/28,1,[問卦]為啥沒一個縣市首長開放性專區？,Eangel
7/28,1,[問卦]台灣女裝男變多?,ezJapan
7/28,,Re:[問卦]館長打的贏雷姆嗎,CavendishJr
7/28,,[問卦]和女友出遊然後一直幫忙拍照是什麼感覺?,kerkers
7/28,3,[問卦]館長打得贏巨石強森嗎,soi1dsnake
7/28,5,[問卦]急！！車行老闆把我機車全拆了怎辦？,opemhood
7/28,,Re:[問卦]身為台灣人，比較討厭大陸人還是香港人？,cal629195
7/28,1,[問卦]那些萬中選一的人跑哪去了,pinner
7/28,4,[問卦]風之名什麼時候要出第三集阿,a170212
7/28,1,[問卦]一曲歌手現在都在幹嘛?,ben780413
7/28,6,Re:[問卦]荷蘭人知道祖先佔過台灣的484很少？,teeheehee
7/28,,Re:[問卦]改成發文次數限制是不是能防公關推文洗板,gerychen
7/28,8,[問卦]酪梨配上芥末聽說是絕配,tidaomi
7/28,5,[問卦]沒運動可以喝運動飲料嗎?,simons
7/28,5,[問卦]美國墮胎vs.胎兒生命權都幾？,pauljet
7/28,3,[問卦]館長打的贏雷姆嗎,SStrasburg
7/28,1,[問卦]我陪你蹉跎一輩子你給我瀟灑幾個字？,xzcb2008
7/28,5,Re:[問卦]中華民國是不是又快滅亡了？,tigertanktwo
7/28,2,[問卦]肥宅我決定禁尻三個月，辦得到嗎？,OAO5566
7/28,1,[問卦]為什麼不能直視微波爐?,ti1990
7/28,1,Re:[問卦]MSN如果率先推出手機版？,adhere
7/28,5,Re:[問卦]美軍為什麼願意花大錢維護世界和平？,MotleyCrue
7/28,2,[問卦]紙房子是不是爛尾？,MG149
7/28,,[問卦]有嫖妓的人會固定捐錢嗎?,pushxuman
7/28,1,[問卦]為啥新人在婚禮都要進進出出☺,bpwolf
7/28,,[問卦]米津玄師是少數看見周杰倫車尾燈的？,hugh509
7/28,2,[問卦]美國學生的英文課必學的書目有啥,KasmirLo
7/28,3,[問卦]同學的女友奶很大怎麼辦？,Kuru991
7/28,2,Re:[問卦]膝蓋一直有咯咯聲，是怎麼回事?,sunkiss5566
7/28,,[問卦]一般人對上館長漢草等級要怎麼走位才能活,addle321
7/28,5,[問卦]大！震！撼！中國人會投票==”,teeheehee
7/28,6,[問卦]沒有JOJO看了怎麼辦？,sai5566
7/28,2,Re:[問卦]柯南來台灣查走私菸劇情怎麼演,zsert13322
7/28,4,[問卦]香港庾文翰事件,li7915566
7/28,1,Re:[問卦]為什麼中國人去外國留學還在散佈共產主義？,webster1112
7/28,,[問卦]FB直播賣生鮮的怎麼都是8+9?,joe255118
7/28,,[問卦]到底誰可以舉例一個高知識的閹粉?,Lailungsheng
7/28,3,[問卦]MSN如果率先推出手機版？,gerychen
7/28,6,Re:[問卦]香港出事為什麼柯糞會緊張？,qphone
7/28,,[問卦]膝蓋一直有咯咯聲，是怎麼回事?,bonfferoni
7/28,,[問卦]現在遊戲沒內掛484就玩不下去?,inshadow
7/28,,[問卦]誰家的貓,milk517258
7/28,,[問卦]荷蘭人知道祖先佔過台灣的484很少？,XDDDpupu5566
7/28,,[問卦]美軍為什麼願意花大錢維護世界和平？,LeoYuri
7/28,9,[問卦]金庸小說裡最強的是掃地僧嗎,Dcwei
7/28,,[問卦]發現女友在PTT上罵我怎麼辦?,apa41023
7/28,,[問卦]朋友登入1000次，該叫他學長嗎？,aznlouisazn
7/28,,Re:[問卦]為何黑人不會游泳?,Aotearoa
7/28,8,[問卦]金城武喜歡喝綠茶嘛？,gametheory
7/28,,Re:[問卦]改成發文次數限制是不是能防公關推文洗板,ivorysoap
7/28,,[問卦]我是不是有危險了,swoff9sm
7/28,6,Re:[問卦]很騷的英文怎麼講?,teeheehee
7/28,4,[問卦]中國有那幾個日子不能提?,a2394673
7/28,,Re:[問卦]改成發文次數限制是不是能防公關推文洗板,sdbb
7/28,,[問卦]杰倫如果聽到紫棋的新歌,Artistam
7/28,2,Re:[問卦]殭屍3真的那麼難看嗎？,xzcb2008
7/28,,[問卦]到底誰可以舉例一個高知識的韓粉?,TrashGsir
7/28,1,[問卦]「超」的用法484很周星馳電影風格？,kisaraki1976
7/28,,[問卦]MusicSoundsBetterWithYou?,kkk1234
7/28,7,Re:[問卦]福斯golf有多經典？,c1823akimo
7/28,1,Re:[問卦]黃衫女子在想什麼,Su22
7/28,,[問卦]美國人都是美人嗎？,Rin5566
7/28,,[問卦]窗外每天都有小壁虎偷看我有卦咪,zxc7
7/28,1,[問卦]有沒有飄飄紅衣人的八卦？,iamanidiot
7/28,,[問卦]即時通狀態掛勿敲為什麼還要上線?,buke
7/28,,[問卦]祖國何時打爆美國,nick55chen
7/28,,Re:[問卦]在家只穿一條內褲的女生是不是很多？,DownandSuck
7/28,8,[問卦]我和殭屍有個約會3真的那麼難看嗎？,ccugoo
7/28,2,Re:[問卦]為什麼台灣很難吃到好吃的米,shala
7/28,3,Re:[問卦]改成發文次數限制是不是能防公關推文洗板,goipait
7/28,,[問卦]肥宅買嘎咪的手錶去健身房有加分嗎？,inin3301
7/28,6,Re:[問卦]醫生要怎麼二轉才能當勝利組,lienchi
7/28,9,[問卦]金庸會怎麼寫吃屎哥打館長這段？,teeheehee
7/28,4,Re:[問卦]為什麼台灣很難吃到好吃的米,ayasesayuki
7/28,,[問卦]記得那年的雨季回憶裡特安靜,louis0210
7/28,,[問卦]吃屎哥是不是新覺醒的替身使者?,love0207
7/28,,[問卦]熱到動不了？？,kent00216
7/28,,[問卦]港警的素質都怎麼樣啊?,MotleyCrue
7/28,,[問卦]大家知道兒時記趣還有最後一段嗎？,Kevinsun
7/28,8,[問卦]美國為何不用裝鐵窗！,VortexSheet
7/28,3,[問卦]改成發文次數限制是不是能防公關推文洗板,tony900735
7/28,6,[問卦]不看壹電視的人，是哪種人???,CrazyKill
7/28,4,[問卦]為什麼買高捷一日票要有一卡通,thewtf
7/28,,[問卦]福斯golf有多經典？,pmes9866
7/28,8,[問卦]沒聽過鴨卡跟yo叔還能稱鄉民？,Hunterme
7/28,,[問卦]請問我明天第一句話該跟主管說什麼？,SaberMyWifi
7/28,6,[問卦]驚!同寢室友竟有這收藏癖?,Luwan
7/28,3,Re:[問卦]台灣的阿姨會不會太扯？,gankgf
7/28,4,Re:[問卦]家族一個四大四中都沒有該注意什麼?,dky93
7/28,9,[問卦]全世界都停了電會怎麼樣,VortexSheet
7/28,3,[問卦]有沒有咖啡廳敢端出飄著兔毛的咖啡的八掛,redDest
7/28,3,Re:[問卦]很騷的英文怎麼講?,CavendishJr
7/28,5,[問卦]車燈比別人亮的是開遠光還是偷改燈？,KeepHard
7/28,3,[問卦]私煙會一根一罰比照宗瑞一炮一罰嗎?,laverne1
7/28,5,[問卦]最有存在感的縣市？,pp938077
7/28,,[問卦]客家人會怎麼玩大富翁4,missingkid
7/28,4,Re:[問卦]快要不能發文了怎麼辦（發錢,iamgaylan
7/28,1,Re:[問卦]驚！剛剛便便盡然拉到一撮金針菇？？,Raphael666
7/28,,[問卦]哀居怎麼把九陰白骨爪的gif傳上去,Riankuo
7/28,4,[問卦]能看到鬼的都不是壞人的信念基礎會是啥,EricTCartman
7/28,1,[問卦]考個托福/雅思幹嘛要護照?,koheik2
7/28,,[問卦]很騷的英文怎麼講?,GOD5566GOD
7/28,4,Re:[問卦]印度人怎麼看牛肉咖哩？,zwy
7/28,,[問卦]頭髮的味道,mlb93525
7/28,2,[問卦]為什麼香港人不奪棒？,z1231002
7/28,2,[問卦]台灣的阿姨會不會太扯？,NCTUEE800808
7/28,,[問卦]有租約正本卻拿不回房子，有道理嗎？,Qoo302
7/28,,[問卦]湯麵是誰發明的啦幹,OrzOGC
7/28,8,[問卦]替身可以任選2個功能，要選什麼?,inmee
7/28,1,[問卦]林書豪要不要成立個網軍啊,BrandonRoy7
7/28,3,Re:[問卦]有沒有人類嬰兒很廢的八卦?,stuj9019
7/28,,[問卦]黑肉底正妹同事在我面前伸懶腰？？,Oilboy
7/28,,Re:[問卦]為什麼台灣很難吃到好吃的米,DaiRiT
7/28,,Re:[問卦]劉德華在幹嘛,CenaC
7/28,1,[問卦]有馬賽克破壞的八卦嗎,soi1dsnake
7/28,,[問卦]急！朋友明明沒死卻被宣告死亡怎麼辦？,AizenSousuke
7/28,,Re:[問卦]印度人怎麼看牛肉咖哩？,chamge7788
7/28,9,[問卦]高雄的正妹多嗎？,fawangching
7/28,,[問卦]油麵是最難吃的麵體嗎?,miler22020
7/28,3,Re:[問卦]香港人為什麼不埋怨英國把香港還給中共?,sina1
7/28,1,[問卦]在小鎮裡指北針都失準,axzs1111
7/28,3,[問卦]一個人吃什麼餐廳最挑戰,kai257437
7/28,3,Re:[問卦]有沒有對人類史上影響最大的科學家是誰的八卦?,KanzakiHAria
7/28,3,[問卦]為何發大絕招前需要先詠唱?,a111111
7/28,3,[問卦]公車上不小心看到上司手機背景圖是自己,q2203649
7/28,3,[問卦]不小心被朋友發現出去玩怎麼辦,jerrysun1107
7/28,1,[問卦]肥宅搭訕韓國妹有加分？,NCTUEE800808
7/28,,[問卦]館長為何不上場跟國動打?,livefishfish
7/28,4,[問卦]英國車是不是妥善率最差的?,MotleyCrue
7/28,2,[問卦]大家從以前到現在花多少錢在線上遊戲呢?,qazxc1156892
7/28,,[問卦]洗香港新聞是想掩飾大創案嗎,newid
7/28,4,[問卦]為什麼妹子都喜歡穿長版上衣,peoplemore
7/28,,[問卦]如果一年被動收入破億,huisan11006
7/28,,[問卦]世界上是不是真的有快到看不見的快拳?,ivorysoap
7/28,5,[問卦]急!!朋友要被大鯨魚吃掉了怎麼辦?,odd5566
7/28,,[問卦]為什麼要分先付後付？,Hsinxyzzyx
7/28,1,[問卦]台灣有不錯的普洱茶嗎？,humbler
7/28,,[問卦]JOJO5黃金之風要來啦,joker456
7/28,,Re:[問卦]騎車被跟是不是要淡定,Phoenix723
7/28,,Re:[問卦]為什麼台灣很難吃到好吃的米,ryan0714123
7/28,1,[問卦]大國與小國公民思考方式有什麼差異？,teslarace
7/28,4,[問卦]推特也太多台灣情侶自拍了吧,Riankuo
7/28,9,[問卦]金城武會上ptt嗎？,ben28
7/28,8,[問卦]員工旅遊一定要排購物行程的八卦?,sworddragon
7/28,,[問卦]明天要去日本工作該注意什麼,bokaikao
7/28,6,[問卦]如果香港民間可以擁槍?,b9111111111b
7/28,,Re:[問卦]擔仔麵、切仔麵、陽春麵差別在哪？,wolver
7/28,6,[問卦]印度人怎麼看牛肉咖哩？,Hsinxyzzyx
7/28,3,Re:[問卦]欸，喜歡港女怎麼辦？,cosmite
7/28,,[問卦]右手打石膏怎麼洗澡穿衣吃飯?,clever0705
7/28,6,[問卦]有沒有打不贏弦一郎該怎麼辦的八卦,Xhocer
7/28,,Re:[問卦]為什麼台灣很難吃到好吃的米,handsomeburg
7/28,1,Re:[問卦]劉德華在幹嘛,Lailungsheng
7/28,,[問卦]你各位啊！暑假作業寫多少了？,q2203649
7/28,4,[問卦]youtube發燒影片前三名都是館長的卦?,davidchen329
7/28,3,Re:[問卦]香港出事為什麼柯糞會緊張？,kiki2125
7/28,4,[問卦]家族一個四大四中都沒有該注意什麼?,kisweet999
7/28,9,[問卦]陰屍路演到那啦？,AV5566
7/28,5,[問卦]在南極點用指南針會發生甚麼事？,saiulbb
7/28,,[問卦]智商高代表去念書就會念得好嗎?,dan5209
7/28,,[問卦]欸，喜歡港女怎麼辦？,ddddcord
7/28,,[問卦]劉德華在幹嘛,bubblebeauty
7/28,,[問卦]中後段大學畢業後去掛少尉階好嗎？,icrt000000
7/28,3,[問卦]有沒有66快速道路在塞車的八卦？,seysem
7/28,,[問卦]擔仔麵、切仔麵、陽春麵差別在哪？,nanami56
7/28,2,[問卦]免稅菸的法律？,zi98btcc
7/28,1,Re:[問卦]林書豪還相信上帝這個謊言嗎？,wolver
7/28,,[問卦]香港關台灣什麼屁事啊?,ROCisChina
7/28,4,[問卦]所以現在投錢是上車投還下車投,james7890
7/28,,Re:[問卦]有沒有人類嬰兒很廢的八卦?,moonblacktea
7/28,,[問卦]今天生日的人快不快樂?(發$),sleepyuan
7/28,,Re:[問卦]柯南來台灣的劇情該怎拍的卦,system303179
7/28,6,Re:[問卦]明年智力測驗沒過會怎樣？,A1bertPujols
7/28,6,[問卦]沒有目標興趣的人484很容易便嫖妓俠,curlymonkey
7/28,2,Re:[問卦]MOD是不是掛了？,liaommx
7/28,,[問卦]欸！有沒有白色絲襪的卦？,Kyle5566
7/28,5,[問卦]覺青的抓奶龍爪手打的贏館長嗎,The5F
7/28,,Re:[問卦]年輕人貸款買中古雙B=傻B??,vinter
7/28,4,[問卦]為什麼香港不提獨立公投,piggy37
7/28,,[問卦]明年智力測驗沒過會怎樣？,JRSmith
7/28,7,Re:[問卦]車禍腦傷希望各位給些建議,dvleo
7/28,9,[問卦]台北天空閃電頻頻,lostjoy
7/28,,[問卦]如果一年你只工作52秒,D600dust
7/28,2,[問卦]有人聽說漳和王的八卦嗎？,liyun
7/28,3,Re:[問卦]中華民國是不是又快滅亡了？,shotholisi
7/28,3,[問卦]完敗收場v.s.完勝收場,cosmite
7/28,6,[問卦]香港警方是不是故意懲罰自己的?,tagso
7/28,4,[問卦]其實館長受了內傷?,organize222
7/28,,[問卦]會因為遊戲被港仔雷過而不支持香港人嗎?,MoWilliams
7/28,9,[問卦]你們中元節都買什麼祭品來拜啊？,ipadmini6
7/28,2,[問卦]香港沒扛霸子了嗎？,Wilsonek
7/28,6,[問卦]板橋有什麼特色呢,qaz442002
7/28,9,[問卦]台式市集一定要有什麼最對味?,KSHLO
7/28,4,Re:[問卦]講話故意摻英文是怕人不知道你住過美國逆,tony900735
7/28,8,[問卦]高級的衛生紙,nut7470
7/28,,[問卦]一斤16000的茶葉喝起來差在哪==,cloudlaba
7/28,5,[問卦]德文學到幾級才能聽懂德國人說話,xikless
7/28,,[問卦]隊友冰鳥跑去跟巴德一起送頭怎麼辦？,miss80423
7/28,,Re:[問卦]有沒有男生臉>>>身高才是正解的掛,MEVIUS
7/28,5,[問卦]捷運為什麼往蘆洲開,weixiaoyo
7/28,,[問卦]MOD是不是掛了？,dagoma
7/28,6,[問卦]有沒有“台灣啟示錄”的八卦？,flower42
7/28,,[問卦]噓文是不是很紓壓啊？？,LanceHaHa
7/28,8,[問卦]講話故意摻英文是怕人不知道你住過美國逆,silvertime
7/28,9,[問卦]獅子王裡面草食動物是不是有病？,peanut0823
7/28,1,[問卦]去有buffet的KTV吃到飽是不是很划算,SSZZ77
7/28,3,[問卦]騎車被跟是不是要淡定,shipping5566
7/28,1,[問卦]為什麼英國不學美國立個香港關係法,Goo4u
7/28,2,Re:[問卦]林書豪還相信上帝這個謊言嗎？,yamakazi
7/28,3,Re:[問卦]港仔是不是出事了才跟台灣裝親切？,poggssi
7/28,,[問卦]公務行程，為何可以買私人物品？,gametheory
7/28,2,Re:[問卦]年輕人貸款買中古雙B=傻B??,goodman5566
7/28,1,Re:[問卦]麥當勞自助點餐機,HELLDIVER
7/28,,Re:[問卦].........振聲，人生有意義嗎？.........,ReDmango
7/28,,[問卦]電腦被駭了的八卦？,changanche
7/28,3,Re:[問卦]當兵被班長罵心裡在想什麼,Acalanatha
7/28,1,Re:[問卦]港仔是不是出事了才跟台灣裝親切？,s0930194
7/28,,[問卦]有沒有人類嬰兒很廢的八卦?,jack19931993
7/28,,[問卦]fallout4異塵餘生是不是神作？,alaskaman
7/28,3,[問卦]有事XXX，沒事OOO？,Orzzxc
7/28,3,[問卦]20幾歲打不贏30幾歲的比賽,aBianSuck
7/28,,Re:[問卦]在家只穿一條內褲的女生是不是很多？,Aotearoa
7/28,9,[問卦]柯南來台灣查走私菸劇情怎麼演,justin531xx
7/28,6,[問卦]摩爾多瓦是什麼樣的國家,seabox
7/28,3,[問卦]houseparty的八卦,dmichael
7/28,2,Re:[問卦]新加坡、馬來西亞都是中國一部分？,FrankLP
7/28,5,[問卦]菜刀怎麼會鈍？,ryohgi
7/28,,Re:[問卦]港仔是不是出事了才跟台灣裝親切？,soulboy330
7/28,,[問卦]搭捷運屎快噴出來怎麼辦？,Mephedrone
7/28,,[問卦]穿哪種顏色水手服的jk最阿斯,rondox
7/28,6,[問卦]達美樂先生的中文怎麼都沒有進步？,btm978952
7/28,2,[問卦]484女生穿情趣內衣就會變正?,mokjb4a
7/28,,[問卦]麥當勞經理很厲害嗎？,wertabcmk
7/28,2,Re:[問卦]巴西的水手和鸚鵡是不是很有名,gyGirl
7/28,,[問卦]內力怎麼練比較適合九陰白骨爪？,Lucky0105
7/28,,Re:[問卦]年輕人貸款買中古雙B=傻B??,tamama000
7/28,,Re:[問卦]無線網路分享器要買哪一牌的比較好？,lianpig5566
7/28,,Re:[問卦]為什麼律師會計師不改成每年定期多次考選,IDfor2010
7/28,4,[問卦]醫生要怎麼二轉才能當勝利組,liveforhappy
7/28,,[問卦]愛莉莎莎是男人性幻想前十名？,sodistrues
7/28,9,[問卦]驚！所有貓熊都被中共監控,li7915566
7/28,1,[問卦]老郭的大數據團隊在半套店有幫助嗎,AsahiBeer
7/28,4,[問卦]年輕人貸款買中古雙B=傻B??,nicholas0406
7/28,,[問卦]在家只穿一條內褲的女生是不是很多？,tsukiyomi157
7/28,4,Re:[問卦]港仔是不是出事了才跟台灣裝親切？,t15955
7/28,,[問卦]為什麼裝LINE到新手機還要用舊手機？,johnhmj
7/28,,[問卦]陳美鳳朝桐光抖幾？,tivallion
7/28,1,Re:[問卦]為什麼律師會計師不改成每年定期多次考選,tamama000
7/28,4,[問卦]律師為什麼不每隔幾年要過期重新考照?,gyGirl
7/28,,Re:[問卦]欸欸鄉民到底討不討厭酬庸？？,moshenisshit
7/28,5,[問卦]艾麗莎莎是惹到鄉民什麼了？,btm978952
7/28,4,[問卦]有人知道這是什麼蟲嗎？,lanpa5566
7/28,6,[問卦]什麼樣的流行病會使人腦袋空洞?,heycraig
7/28,,[問卦]香港人為什麼這麼孬種？,kobe30418
7/28,,[問卦]為什麼律師會計師不改成每年定期多次考選,forrester
7/28,3,[問卦]巴西的水手和鸚鵡是不是很有名,gyGirl
7/28,,Re:[問卦]港仔是不是出事了才跟台灣裝親切？,sss1234
7/28,4,Re:[問卦]身為台灣人，比較討厭大陸人還是香港人？,purplvampire
7/28,5,[問卦]一個和尚一直叫我出家,kingtama
7/28,3,[問卦]以台灣的垃圾車構造適合把肥宅丟上去嗎,nobel777
7/28,1,Re:[問卦]為何專業部門首長不能訂資格要求？,peter080808
7/28,2,Re:[問卦]肉多多怎麼這麼難吃？,ttn851227
7/28,,[問卦]該認識哪幾種職業的朋友呢？,zakijudelo
7/28,2,[問卦]麻吉弟弟是不是只能當反骨的配角?,a125567365
7/28,,[問卦]請勿插隊><(小穹陣線),EmeraldAZ
7/28,,Re:[問卦]屎快拉出來了卻不能離開座位,zpeople
7/28,,[問卦]國道是在塞三小啦！,sqe123456z
7/28,,[問卦]戰亂地方很多為啥關注香港？,prpllark
7/28,4,Re:[問卦]港仔是不是出事了才跟台灣裝親切？,Fuzishan
7/28,,[問卦]欸！有沒有博恩夜夜秀越來越好看的掛？,z14725
7/28,,[問卦]認真問如果館長直接認真狂毆多久會死?,ruby00514
7/28,,[問卦]免治馬桶沖肛門怎麼那麼爽？,cena0605
7/28,,Re:[問卦]港仔是不是出事了才跟台灣裝親切？,attilalin
7/28,2,Re:[問卦]香港人為什麼不埋怨英國把香港還給中共?,hareluyac
7/28,,[問卦]香港出事為什麼柯糞會緊張？,Luckmeow
7/28,,[問卦]我朋友這樣算是戀愛了嗎？,tose4433
7/28,,[問卦]吃屎哥是不是要學何金銀,ai32
7/28,,Re:[問卦]任賢齊當年有多紅？,KDSKY
7/28,,[問卦]肉多多怎麼這麼難吃？,quirky
7/28,7,[問卦]楊康用九陰白骨爪攻擊黃蓉奶？,sodistrues
7/28,3,[問卦]丹丹的辣味雞腿堡爆幹好吃！！！,YingWenTsai
7/28,1,Re:[問卦]欸欸鄉民到底討不討厭酬庸？？,xzcb2008
7/28,8,[問卦]屎快拉出來了卻不能離開座位,BrandonRoy7
7/28,,Re:[問卦]欸欸鄉民到底討不討厭酬庸？？,trylin
7/28,2,[問卦]有沒有丹丹漢堡的卦啊？,HappyDiD
7/28,,[問卦]香港也只剩20年為何要爭？,awsq00000
7/28,8,[問卦]賽爾維亞有什麼必做的事情呢,daniel711125
7/28,1,[問卦]林書豪：人生很難,bengowa
7/28,5,Re:[問卦]港仔是不是出事了才跟台灣裝親切？,taipei5566
7/28,,(已被Bignana刪除)<Townshend>政治問卦,-
7/28,8,[問卦]當兵被班長罵心裡在想什麼,ZengMaktub
7/28,1,Re:[問卦]港仔是不是出事了才跟台灣裝親切？,QQmmmmmm
7/28,7,[問卦]Creeper?,kurt911
7/28,,[問卦]欸欸鄉民到底討不討厭酬庸？？,oppo5566
7/28,1,[問卦]學妹對我很好，該怎麼報答她？,ma4wanderer
7/28,7,[問卦]一日關務署要怎麼拍才厲害？,ipadmini6
7/28,1,[問卦]加料要加10元還是20元的八卦,aabbcc520
7/28,,[問卦]有沒有旺旺仙貝的八卦？,akumatata
7/28,,[問卦]有沒有一定要聲援香港的八卦??,anz5566
7/28,,Re:[問卦]有沒有男生臉>>>身高才是正解的掛,ssss0960193
7/28,6,[問卦]人跟蟑螂的基因是不是密不可分,Vincent6964
7/28,,[問卦]窮人也沒幾個考試真的翻身吧？,Puehong
7/28,,Re:[問卦]港仔是不是出事了才跟台灣裝親切？,BigEast
7/28,5,[問卦]洪興大頭vs東星何勇,Phoenix723
7/28,1,[問卦]我會不會又睡到下午了？,kugyumayu
7/28,,[問卦]剛洗好車就下雨的卦,aweiweek
7/28,2,[問卦]喂我真正想要回去我撞死大隻老鼠,yesgogo
7/28,,Re:[問卦]身為台灣人，比較討厭大陸人還是香港人？,aaa11334
7/28,,[問卦]為何ptt不改用.org網域以及把主機遷出台,nk11208z
7/28,,[問卦]關注香港，台灣的經濟也不會進步吧?,ericisfish
7/28,8,Re:[問卦]港仔是不是出事了才跟台灣裝親切？,winfredx
7/28,,Re:[問卦]糖尿病可吃蕈菇安格斯黑牛堡嗎?,dnzteeqrq
7/28,,[問卦]為什麼那麼多人愛喝馬爾濟斯,wang53
7/28,3,[問卦]無尾熊到底多愛打架,KENDO777
7/28,2,Re:[問卦]簽免責聲明真的免責嗎,qma52015
7/28,2,Re:[問卦]港仔是不是出事了才跟台灣裝親切？,sleeeve
7/28,7,[問卦]為啥筆電都喜歡直接焊在主機板上?,peterlin495
7/28,,Re:[問卦]有沒有男生臉>>>身高才是正解的掛,chenweichih
7/28,,[問卦]身為台灣人，比較討厭大陸人還是香港人？,Qmmmmmmmm
7/28,,[問卦]館長vs浩克誰強,blue6308
7/28,,Re:[問卦].........振聲，人生有意義嗎？.........,medi5566
7/28,,[問卦]腳毛長又多應該要很搶手啊！,swoff9sm
7/28,6,[問卦]迷客夏要點什麼才內行,asrichfox
7/28,7,[問卦]港警還能再撐幾週？,Superxixai
7/28,,Re:[問卦]糖尿病可吃蕈菇安格斯黑牛堡嗎?,AizenSousuke
7/28,1,[問卦]地球還能住幾年的八卦？,aza0290
7/28,,Re:[問卦]有沒有男生臉>>>身高才是正解的掛,YHOTV4096
7/28,6,[問卦]三商的酸菜是什麼等級,FollowMe6
7/28,6,[問卦]目前做過最有意義的事是什麼,ohmyjeff
7/28,9,[問卦]環珠格格的歌哪首比較好聽？,z72117211
7/28,,[問卦]港仔是不是出事了才跟台灣裝親切？,ray90910
7/28,,Re:[問卦].........振聲，人生有意義嗎？.....,AGIknight
7/28,9,[問卦]急！素T該買什麼顏色才好？,NEX4036
7/28,1,[問卦]有沒有白努力定律的八卦？,AyanoSushi
7/28,,Re:[問卦].........振聲，人生有意義嗎？.........,bota
7/28,1,[問卦]有沒有自助餐集團的八卦?,BF109Pilot
7/28,5,[問卦]香港現在是抗議定型化了嗎,Retangle
7/28,,Re:[問卦]這維修費用會不會太誇張了？,arsehole
7/28,,Re:[問卦]柯南來台灣的劇情該怎拍的卦,sasolala
7/28,1,[問卦]打館長是不是要組隊才有機會？,Magiter
7/28,,[問卦]獨孤九劍有那麼容易破嗎？,candon
7/28,1,[問卦]把伏特加跟上班要喝的水混在一起了怎麼辦,legos4710
7/28,6,[問卦]糖尿病可吃蕈菇安格斯黑牛堡嗎?,chamge7788
7/28,3,[問卦]新加坡、馬來西亞都是中國一部分？,zakijudelo
7/28,,Re:[問卦].........振聲，人生有意義嗎？.........,pds1
7/28,2,[問卦]有沒有警棍的八卦,peoplemore
7/28,2,[問卦]如果FBI拍賣戀童癖的物品,selvester
7/28,1,[問卦]有鄉民去過露營嗎？？,renna038766
7/28,1,[問卦]麥當勞抽到搖搖雞腿排跟冰炫風要換ㄇ,gino0717
7/28,3,[問卦]不用的耳塞能拿來做啥,mayingnine
7/28,,Re:[問卦].........振聲，人生有意義嗎？.....,tn00270144
7/28,2,[問卦]只會一招又是金髮交的到女友嗎？,gn02159816
7/28,1,Re:[問卦]割包皮手術切下來的皮都去哪裡了？,redDest
7/28,,[問卦]柯南來台灣的劇情該怎拍的卦,orionbeer
7/28,3,[問卦]為什麼螞蟻爬到人身上一定要咬一下才爽？,gogoeggs
7/28,6,[問卦]去日本參拜社寺時講中文神聽得懂嗎？,iphone15
7/28,2,[問卦]大的服飾廠牌是否歧視肥宅？,gaygay5566
7/28,2,[問卦]有沒有西貢觀光的八卦啊,stantheman
7/28,,[問卦]簽免責聲明真的免責嗎,seth5421
7/28,9,[問卦]如果吃屎哥使用玄天玉女劍法？,P00832129
7/28,7,[問卦]現在當兵能拿中國的手機嗎？,op840906
7/28,3,[問卦]寄生蟲跟寄生上流,cc1218cc
7/28,3,Re:[問卦]國道三號速限為什麼不提高到130公里,t4qup3
7/28,,[問卦]香港中聯辦國徽加裝塑膠框好好笑耶!,charco
7/28,,Re:[問卦]上流社會真的會強逼自己小孩上醫科嗎,Aerci
7/28,6,[問卦]割包皮手術切下來的皮都去哪裡了？,Deadfisheyes
7/28,,Re:[問卦]舅舅一家都是廢物的八卦（認真,mark117
7/28,,Re:[問卦]有沒有男生臉>>>身高才是正解的掛,panda80911
7/28,1,[問卦]前朝到底是誰的鍋?,ljf0030
7/28,5,[問卦]女性護膚工作室是不是很賺？,phoxonic0510
7/28,,Re:[問卦]「今天香港，明天台灣」的邏輯是什麼？,nicholas0406
7/28,4,[問卦]慟！咬到嘴巴內側的肉,rtfgyrtfgy
7/28,,Re:[問卦]有沒有男生臉>>>身高才是正解的掛,ymx3xc
7/28,,[問卦]辭典是不是該重編了？,qma52015
7/28,3,[問卦]蜜蜂到底在腳上幹嘛,Abishini
7/28,1,[問卦]有沒有沙門氏菌的八卦？,AhSs
7/28,4,[問卦]為啥台灣刷卡這麼不方便,stuj9019
7/28,,[問卦]要怎麼學會念,sodattone
7/28,,[問卦]不可愛的寶寶還是會稱讚嗎？,s531619
7/28,,Re:[問卦]港警一直敲人頭，為何民眾不拿棒球,longyin
7/28,3,[問卦]有沒有手遊糞game都喜歡放30秒廣告的八卦,gj942l41l4
7/28,,[問卦]超速龍球難道不是最強的yoyo嗎？,skbshawn
7/28,,[問卦]台灣有像琴酒一樣的角色嗎？,HiyamaRen
7/28,6,"Re:[問卦]有司馬昭之心,路人皆知,卻沒司馬懿之心的",PAULJOE
7/28,7,[問卦]德國當初採取包容猶太政策會如何？,rockon15
7/28,2,[問卦]肥宅考美甲師有沒有搞頭？,YUreo
7/28,5,[問卦]三玖吃草莓二乃吃櫻桃?,CavendishJr
7/28,,[問卦]鬼神童子的羯魔果是參考核桃還是開心果?,WolfTeacher
7/28,4,[問卦]被痛扁一頓賺多少合理啊？,xietwtw
7/28,2,Re:[問卦]「今天香港，明天台灣」的邏輯是什麼？,lin9la
7/28,6,[問卦]跑跑的分組比賽算好嗎,a2016596
7/28,,Re:[問卦]「今天香港，明天台灣」的邏輯是什麼？,ISAM1
7/28,,Re:[問卦]有沒有男生臉>>>身高才是正解的掛,IamYourDaddy
7/28,,[問卦]為什麼露B跟屌要上碼，而露奶不用？,s910211
7/28,,[問卦]捷運上有人露乳溝要提醒嗎,p25488148
7/28,,[問卦]手遊算電競嗎？,rockon15
7/28,,[問卦]有那些超狂的豪宅？,godshibainu
7/28,,Re:[問卦]打格鬥一直↓B是不是很機歪?,Kulapica
7/28,6,[問卦]哪裡會取代香港,f17690815
7/28,,Re:[問卦]有沒有對人類史上影響最大的科學家是誰的八卦?,jfsu
7/28,,[問卦]教授為什麼會羨慕醫生?,koheik2
7/28,,[問卦]急！共工撞爆不周山該怎麼辦？(翻滾),alchemist106
7/28,1,[問卦]封神演義4不4非常的官僚？,heyosway
7/28,3,Re:[問卦]有沒有男生臉>>>身高才是正解的掛,Asclepius
7/28,,Re:[問卦]「今天香港，明天台灣」的邏輯是什麼？,johanLarson
7/28,1,Re:[問卦]台灣是不是要趕快立法管理香港移民？,NARUTO
7/28,3,Re:[問卦]台灣人愛自爽？外國人真心話：夜市很噁,lolo0129
7/28,1,Re:[問卦]總理眼鏡200萬，值得？,zxcv7892341
7/28,,[問卦]要練哪一本經書才打得贏館長,RocKsHigH
7/28,3,[問卦]一陽破九陰是什麼意思？,love9115566
7/28,,Re:[問卦]「今天香港，明天台灣」的邏輯是什麼？,mathbug
7/28,,[問卦]如果大招沒斷，勝負是不是還很難說？,tonylwine
7/28,1,[問卦]什麼時候要執行死刑？,kinve1014
7/28,5,Re:[問卦]急！需要推薦最優質的YouTube數名！,sammoon
7/28,,[問卦]姆咪蹦蹦跳差點被車撞怎辦,ilovemumi
7/28,5,[問卦]五毛怎麼看待台灣聲援香港？,johanLarson
7/28,,Re:[問卦]有人在旁邊講話你，尿得出來嗎?,CrazyBug
7/28,1,Re:[問卦]經過女森深呼吸會被發現嗎？,wcpsgb
7/28,,[問卦]飛飛翔翔辦ig帳號，幾天會破100百萬？,ricky785785
7/28,3,Re:[問卦]上流社會真的會強逼自己小孩上醫科嗎,liveforhappy
7/28,7,Re:[問卦]麥當勞多愛推銷雞塊,eereer12325
7/28,,Re:[問卦]任賢齊當年有多紅？,kuluma
7/28,3,[問卦]去北韓可以買女軍官的原味絲襪嗎？,andt5214
7/28,,[問卦]有沒有香港人輸不起沒民主素養的八卦？,boy830527
7/28,9,[問卦]電動車真的比較節能減碳嗎?,tsisni
7/28,4,[問卦]老魔小丑豈堪一擊勝之不武,saobox
7/28,1,[問卦]有人在旁邊講話你，尿得出來嗎?,bengowa
7/28,4,Re:[問卦]香港要多少人犧牲才會引起國際關注？,johanLarson
7/28,1,[問卦]姆的下午,CrazyBug
7/28,,Re:[問卦]台南到底有什麼好逛好吃的？,joshddd
7/28,2,Re:[問卦]台灣是不是要趕快立法管理香港移民？,s910211
7/28,,Re:[問卦]台灣人愛自爽？外國人真心話：夜市很噁,rockok71
7/28,,[問卦]快要不能發文了怎麼辦,onollll
7/28,,[問卦]麥當勞抱抱真的可以抱抱嗎,wang1b
7/28,,Re:[問卦]國道三號速限為什麼不提高到130公里,oooo
7/28,8,[問卦]香港要多少人犧牲才會引起國際關注？,boy830527
7/28,2,[問卦]同理心是不是被左膠濫用？,stuj9019
7/28,,[問卦]吃屎哥如果使出遇強即屈借花獻佛,oops66
7/28,,[問卦]電影戲劇化？,husky5566
7/28,,[問卦]本帥也能成為總統嗎？(旋轉),alchemist106
7/28,,Re:[問卦]台灣人愛自爽？外國人真心話：夜市很噁,KingChang711
7/28,1,Re:[問卦]台灣人愛自爽？外國人真心話：夜市很噁,johanLarson
7/28,2,Re:[問卦]任賢齊當年有多紅？,nicholas0406
7/28,4,[問卦]超級叭啦！,hatephubbing
7/28,1,Re:[問卦]國道三號速限為什麼不提高到130公里,a868886615
7/28,3,Re:[問卦]台灣人愛自爽？外國人真心話：夜市很噁,taco13
7/28,,[問卦]姆的停電,CrazyBug
7/28,4,[問卦]台灣是不是要趕快立法管理香港移民？,zcliu026
7/28,5,[問卦]港警一直敲人頭，為何民眾不拿棒球棍上街,charco
7/28,3,Re:[問卦]有沒有男生臉>>>身高才是正解的掛,wcpsgb
7/28,,[問卦]經過女森深呼吸會被發現嗎？,mojojojo5217
7/28,6,[問卦]慟！IKEA新莊店的手扶梯壞掉了,xu06u4d93
7/28,,[問卦]國道湖口的路段真的沒救了嗎？？,LanceHaHa
7/28,,[問卦]現在還天天珍奶雞排的人是不是很奢侈,blackzero1
7/28,6,[問卦]去小七裝熱水的人多嗎,funsky
7/28,3,[問卦]館長不去精神科當醫生是不是很浪費？,yoyoyin0119
7/28,,Re:[問卦]急！需要推薦最優質的YouTube數名！,KingChang711
7/28,3,"[問卦]有司馬昭之心,路人皆知,卻沒司馬懿之心的",andrewkuo
7/28,2,[問卦]旁邊坐了一個大蒜哥怎麼辦,FiveSix911
7/28,,[問卦]在裝有一黑球的房間醒來該怎麼辦？,youarenotgay
7/28,1,Re:[問卦]淡水工商學院當初升格為何不用淡水用真理,TsukimiyaAyu
7/28,4,[問卦]女子撐竿跳選手怎麼訓練,simoncha
7/28,5,[問卦]味道是不是會使人拉肚子?,heycraig
7/28,,[問卦]為了幾條菸吵成一團實在沒必要吧?,KKKKJAY
7/28,,[問卦]急！需要推薦最優質的YouTube數名！,sai5566
7/28,,[問卦]如果吃屎哥學的是中國古拳法是否會贏？,jokc7839
7/28,1,Re:[問卦]任賢齊當年有多紅？,Beanoodle
7/28,8,Re:[問卦]館長對戰吃屎哥為什麼都用腳攻擊？,johnny9667
7/28,,Re:[問卦]台灣人愛自爽？外國人真心話：夜市很噁,taipei5566
7/28,,[問卦]阮若打開心內的門窗？,TsukimiyaAyu
7/28,5,[問卦]淡水工商學院當初升格為何不用淡水用真理,andrewkuo
7/28,6,[問卦]給你一個機會，會想性轉嗎,blackzero1
7/28,4,Re:[問卦]國道三號速限為什麼不提高到130公里,codevery0117
7/28,5,Re:[問卦]上流社會真的會強逼自己小孩上醫科嗎,stuj9019
7/28,,Re:[問卦]館長對戰吃屎哥為什麼都用腳攻擊？,Gamblers5566
7/28,5,[問卦]副潘達都這樣??,a2016596
7/28,,[問卦]演辛巴的獅子會先經過海選嗎,kyoiori100
7/28,2,[問卦]普朗克跟剛普朗克的關係是什麼？,NTUgambler
7/28,4,Re:[問卦]有沒有男生臉>>>身高才是正解的掛,otto6205
7/28,,[問卦]這是什麼牌的手機?,p69005103
7/28,1,Re:[問卦]上流社會真的會強逼自己小孩上醫科嗎,DDHOWDA
7/28,1,Re:[問卦]台灣人愛自爽？外國人真心話：夜市很噁,CTBgu
7/28,2,Re:[問卦]為什麼台灣人不喜歡中國,moon5566
7/28,,Re:[問卦]吃屎哥484喊九陰白骨爪偷放降龍?,Gjoy
7/28,7,[問卦]有沒有普朗克常數隨時空背景不同的掛,Supasizeit
7/28,7,[問卦]祖國何時打爆鵝國收回海蔘威,nick55chen
7/28,5,Re:[問卦]有沒有男生臉>>>身高才是正解的掛,qweasdzzx
7/28,9,[問卦]館長對戰吃屎哥為什麼都用腳攻擊？,shrinkage
7/28,5,[問卦]妹妹說我魔術迴路跟垃圾一樣怎麼辦,dinghaipi
7/28,3,[問卦]香港事件VS香菸事件,Scorfish
7/28,9,[問卦]發大財城市下大雨了,a1b2c3d4e5
7/28,,[問卦]任賢齊當年有多紅？,loaf3011
7/28,,Re:[問卦]擊敗館長只剩下此三部曲,DingLey
7/28,,Re:[問卦]搭小黃會挑車嗎？,KCKCLIN
7/28,1,[問卦]7-11飲料抽抽樂組合越貴越容易抽到0元？,chihchingho
7/28,1,Re:[問卦]為什麼台灣人不喜歡中國,doggy1985
7/28,,[問卦]24號發文27號就被函送法院會不會太扯,ceramicfa
7/28,4,Re:[問卦]當孔子後代有多爽？,LaAc
7/28,1,Re:[問卦]為什麼台灣人不喜歡中國,souldragon
7/28,,Re:[問卦]為什麼中國人去外國留學還在散佈共產主義？,CuLiZn5566
7/28,3,Re:[問卦]林書豪是怎變成現在這樣的？,bluebluelan
7/28,,[問卦]大家輸入法打“ㄇㄧㄐ”會出現什麼？,s2657507
7/28,1,Re:[問卦]「今天香港，明天台灣」的邏輯是什麼？,manhaspen
7/28,,[問卦]午餐便當的價格,BabySatan
7/28,,Re:[問卦]「今天香港，明天台灣」的邏輯是什麼？,ISAM1
7/28,,[問卦]台南到底有什麼好逛好吃的？,s910211
7/28,3,[問卦]香港廢青的戰力怎麼會這麼廢?,gn1384181
7/28,9,[問卦]netflix會有復4嗎?,simons
7/28,,[問卦]台女很8+9化嗎？,PPAPwww
7/28,,[問卦]拳套是不是一種封印道具？,ilanese
7/28,1,Re:[問卦]搭小黃會挑車嗎？,todao
7/28,6,[問卦]便利商店店員都怎麼講肥宅的壞話？,nobel777
7/28,,[問卦]上流社會真的會強逼自己小孩上醫科嗎,NCKUFatPork
7/28,,[問卦]不小心打視訊電話給不熟的學妹怎辦,kidtoo
7/28,,[問卦]張飛其實真的是黑人吧?,rondox
7/28,9,[問卦]為什麼移工要來台灣被慣老闆糟蹋?,ClannadGood
7/28,3,Re:[問卦]現在還會戴手錶的都是怎樣的人,arrenwu
7/28,,[問卦]請問動搖國本跟大局為重,ljf0030
7/28,5,Re:[問卦]台灣人愛自爽？外國人真心話：夜市很噁,leoyuan
7/28,2,[問卦]館長跟吃屎哥的對決是不是讓對岸的笑話?,qwqwaas
7/28,1,Re:[問卦]「今天香港，明天台灣」的邏輯是什麼？,Greatgenius
7/28,2,Re:[問卦]香港人為什麼不埋怨英國把香港還給中共?,dearevan
7/28,,[問卦]綠燈一秒就叭的，是不是都破車？,HONNE
7/28,1,Re:[問卦]為什麼中國人去外國留學還在散佈共產主義？,leehom309536
7/28,9,[問卦]打格鬥一直↓B是不是很機歪?,shadow0326
7/28,2,[問卦]氣泡浴缸真的有其效果嗎?,ptt987654321
7/28,2,Re:[問卦]一早起來肛門發癢是在發情嗎？,redDest
7/28,,[問卦]G-SHOCK是不是CP最高的錶,iComeInPeace
7/28,,[問卦]勿忘友善推文！網驚：原來是這樣,Rrrxddd
7/28,,Re:[問卦]為什麼台灣人不喜歡中國,jfw616
7/28,,Re:[問卦]有沒有男生臉>>>身高才是正解的掛,spider8866
7/28,,[問卦]有鄉民看過貪官的人皮草包嗎？,as1885
7/28,5,[問卦]張景雄(金鋼刀)打得贏館長嗎?,nail5566
7/28,,[問卦]「台灣價值」這個詞啥時變成負面的,Elsie1999
7/28,3,[問卦]為什麼排隊名店還是一堆人？,w792381726
7/28,1,[問卦]為什麼台灣有人反美？,adagiox
7/28,5,[問卦]肥宅第一次碰到女生的手該怎麼慶祝?,ase14985
7/28,5,Re:[問卦]九陰白骨爪是不是弱點蠻明顯的？,p90735522
7/28,,[問卦]趙飛燕成楊貴妃？藝人小小瑜外貌改變紀實,kadioguy
7/28,,Re:[問卦]有沒有男生臉>>>身高才是正解的掛,entitle
7/28,,Re:[問卦]為什麼台灣很難吃到好吃的米,Vett
7/28,8,[問卦]常遇到蟲怎麼辦,kuijun228
7/28,,Re:[問卦]香港覺青也太誇張了吧，這樣對付老人,windsine
7/28,4,[問卦]吃屎哥484犯規?,triumphant10
7/28,2,[問卦]擊敗館長只剩下此三部曲,chin2049
7/28,6,[問卦]單親仔單身仔哪個在食物鏈底端？,jason860129
7/28,1,Re:[問卦]為什麼台灣人不喜歡中國,CuLiZn5566
7/28,,Re:[問卦]為什麼台灣人不喜歡中國,chenglap
7/28,8,[問卦]會自己記帳號密碼的老人有多少,SupCat
7/28,,[問卦]莎莉賽隆大隻馬在台灣會有男生要嘛,andrewmiho
7/28,,Re:[問卦]為什麼台灣人不喜歡中國,cloud72426
7/28,3,[問卦]!為天氣之子配音的森七菜的卦?,hmt17
7/28,4,Re:[問卦]當孔子後代有多爽？,AizenSousuke
7/28,4,[問卦]吃屎哥是不是功虧一簣,dunhell
7/28,6,[問卦]所以，林書豪到底夠不夠格打NBA？,meokay
7/28,,[問卦]林書豪是怎變成現在這樣的？,ray90910
7/28,2,[問卦]搜肥宅的身要先搜哪裡才正確？,monine
7/28,,[問卦]有沒有男生臉>>>身高才是正解的掛,QQQwe
7/28,,Re:[問卦]激怒韓粉來賺錢月入可以幾K,Rrrxddd
7/28,,[問卦]火辣的金髮正妹坐在我的斜對面,xrr
7/28,7,[問卦]麥當勞多愛推銷雞塊,JEWH
7/28,,"Re:[問卦]如果館長先承受,則結果會翻轉嗎?",a1237759
7/28,9,Re:[問卦]現在還會戴手錶的都是怎樣的人,jass87987
7/28,,Re:[問卦]為什麼台灣人不喜歡中國,onetwogo
7/28,,[問卦]有沒有高雄到處都在出租的八卦?,goipait
7/28,,[問卦]肥宅這兩天會超買嗎？,remmurds
7/28,3,Re:[問卦]監管部門緊急介入遼寧省錦州銀行營運,arbitrageur
7/28,8,[問卦]梅原大吾擋得住館長連踢嗎？,AssetDebt
7/28,5,Re:[問卦]為什麼台灣很難吃到好吃的米,s910211
7/28,3,[問卦]美食大賽是不是都在比評審豪小的?,e551262
7/28,,[問卦]為什麼中國人去外國留學還在散佈共產主義？,cutiehoneyzu
7/28,,Re:[問卦]香港人為什麼不埋怨英國把香港還給中,cofepupu
7/28,2,[問卦]小學國中畢業算文組還理組？,CuLiZn5566
7/28,6,[問卦]激怒韓粉來賺錢月入可以幾K,PaseIsGOOD
7/28,,[問卦]有沒有這個是做什麼用的八卦？,XDDDD5566
7/28,,Re:[問卦]「今天香港，明天台灣」的邏輯是什麼？,poggssi
7/28,,Re:[問卦]格鬥簽了生死狀打死人真的免責嗎？,moonblacktea
7/28,2,[問卦]這次國安牌超買有多少單位涉及說謊的卦?,rote
7/28,3,[問卦]為什麼店到店的發票是給賣家啊,alair99
7/28,4,[問卦]是怎樣的情況下會摔筆電?,YU9527
7/28,6,[問卦]機車上快車道是不是很危險阿?,hw102050
7/28,,[問卦]氣品客到底要怎樣欺負肥宅,kenhiro5566
7/28,5,Re:[問卦]為什麼台灣很難吃到好吃的米,jody893011
7/28,1,Re:[問卦]「今天香港，明天台灣」的邏輯是什麼？,todao
7/28,,Re:[問卦]搭小黃會挑車嗎？,sunkiss5566
7/28,,[問卦]TBBT裡誰才是真正的人生贏家？,EricTCartman
7/28,,[問卦]女孩看男生第一眼應該還是身高跟體態吧？,bbob
7/28,3,Re:[問卦]為什麼台灣很難吃到好吃的米,wale1128
7/28,8,[問卦]!広瀬すず+比嘉山口智子合影的卦,hmt17
7/28,,[問卦]吃屎哥484喊九陰白骨爪偷放降龍?,kosoj6
7/28,,Re:[問卦]為什麼台灣人不喜歡中國,wei115
7/28,,[問卦]有多少人把元朗看成元朝的？,blakedawes12
7/28,,[問卦]急！集集急嗎？,makinoyui
7/28,1,Re:[問卦]有沒有玩過最多次的電腦單機遊戲是哪一款的八卦?,senma
7/28,3,[問卦]美國隊長打得贏館長嗎,ich2
7/28,,Re:[問卦]為什麼台灣很難吃到好吃的米,HAmakers
7/28,2,Re:[問卦]為什麼台灣人不喜歡中國,ElizabethXIV
7/28,5,[問卦]直播界真的什麼都賣嗎？,headcase
7/28,,[問卦]當孔子後代有多爽？,icrt000000
7/28,6,[問卦]為啥人類需要語言才能交流,qwe00489
7/28,4,[問卦]為什麼台灣很難吃到好吃的米,kent21413
7/28,6,Re:[問卦]為什麼台灣人不喜歡中國,vis64
7/28,,Re:[問卦]7、8年前去吃過頤宮的人是不是賺到了?,teddy1209
7/28,3,"[問卦]如果館長先承受,則結果會翻轉嗎?",addadd1234
7/28,9,Re:[問卦]台灣人愛自爽？外國人真心話：夜市很噁,acblily
7/28,3,[問卦]安卓追上ios了嗎?,melogod
7/28,1,[問卦]為何台灣物價這麼高？,danmitsu
7/28,6,[問卦]暖暖區到底有多暖？,luke11130177
7/28,4,[問卦]台北的師範大學為什麼是叫台灣師範大學?,linyoyo
7/28,,[問卦]假民主香港快戒嚴了嗎？,ben28
7/28,7,[問卦]7、8年前去吃過頤宮的人是不是賺到了?,ggggggg
7/28,,[問卦]台灣以後還會不聽美爹的話嗎,adagiox
7/28,1,Re:[問卦]發出穿雲箭是什麼暗號？,lysing12
7/28,2,Re:[問卦]香港人為什麼不埋怨英國把香港還給中共?,CREA
7/28,5,Re:[問卦]俄國快要歸還海蔘威了嗎？,Vladivostok
7/28,1,Re:[問卦]被離職是很嚴重的事情嗎?,wuyiulin
7/28,4,[問卦]發出穿雲箭是什麼暗號？,deerru
7/28,6,[問卦]600萬都是憲哥先付的吧？,goipait
7/28,6,Re:[問卦]有沒有碳佐麻里過譽的八卦？,gogomanX
7/28,,[問卦]有人會噓文組，那有人會噓理組嗎,Ericz7000
7/28,4,[問卦]搭小黃會挑車嗎？,dearevan
7/28,,[問卦]站在南地極會一直轉圈嗎？,frzqp3814396
7/28,2,Re:[問卦]香港人為什麼不埋怨英國把香港還給中共?,poggssi
7/28,,Re:[問卦]香港人為什麼不埋怨英國把香港還給中共?,bota
7/28,3,[問卦]台灣Archer可以投影穿雲箭嗎?,F16V
7/28,3,[問卦]有男友的女孩跟學長單獨去ktv,Usayhiisayha
7/28,,[問卦]「今天香港，明天台灣」的邏輯是什麼？,OyAlbert
7/28,,[問卦]國道三號速限為什麼不提高到130公里,ich2
7/28,,[問卦]雍正整天跑後宮為什麼還過勞死,wwwson1256
7/28,4,[問卦]想打贏館長484只能靠合體技,Xing97302
7/28,4,Re:[問卦]台電一直虧損，總經理不用負責？,TOMMY75410
7/28,1,[問卦]讚揚民主卻唾棄民粹？,KevinCL
7/28,7,[問卦]剛才好像被當成變態了,WolfTeacher
7/28,,Re:[問卦]有人可以打贏館長嗎,SODAECHO1
7/28,4,[問卦]被離職是很嚴重的事情嗎?,gotopark
7/28,2,[問卦]電影選擇,TMDkid
7/28,3,[問卦]某醫院的醫生跟診所醫生判斷不同該信誰?,kent21413
7/28,8,[問卦]吉娃娃眼睛凸出來是什麼原因？,laverne1
7/28,6,[問卦]景甜到那去了？,APPLEin5566
7/28,1,[問卦]看郭書瑤結果來個附近美艷熟女有多崩潰,IE8
7/28,1,[問卦]請問有沒有蜜月星星之光的八卦?謝謝,fmqrog
7/28,,Re:[問卦]香港人為什麼不埋怨英國把香港還給中共?,chenglap
7/28,,[問卦]金庸地下有知會作何感想,ANDORLESS
7/28,,[問卦]鍾明軒是不是出事了,teddy1209
7/28,7,Re:[問卦]佐賀偶像完結了該怎麼辦?(急在線等),ptt987654321
7/28,1,[問卦]Lexus是低調神車嗎,mattiswe098
7/28,9,[問卦]達文西在歷史上的定位大概是什麼級別?,kerkers
7/28,7,[問卦]斷人家招式的真沒品！？,xzcb2008
7/28,,[問卦]附了1萬跳傘結果只搭飛機?,BMW220i
7/28,2,[問卦]吃屎哥昨天通告領多少啊,pieta
7/28,,[問卦]請問有沒有降龍十八掌的八卦？謝謝,fmqrog
7/28,,[問卦]華安吟的詩是不是其實沒什麼料？,Vivian5566
7/28,1,Re:[問卦]台灣人愛自爽？外國人真心話：夜市很噁,tadshift2
7/28,5,[問卦]香港是不是又被九陰白骨爪蓋掉了,justin531xx
7/28,2,[問卦]梅超風會戴拳套嗎？,gn7722
7/28,1,[問卦]館長會等月野兔詠唱嗎？,tony84590
7/28,,[問卦]現在還會戴手錶的都是怎樣的人,twin1949tw
7/28,,[問卦]喵喵晚上都在幹嘛?o'_'o,gaiaesque
7/28,4,Re:[問卦]十七歲女生的溫柔其實是很那個的,wuyiulin
7/28,5,[問卦]租飯店或商旅當住家是什麼感覺？,badjye911
7/28,3,Re:[問卦]8/1以後不能在八卦板PO文的人想在這裡分享些什麼？,ro134360
7/28,,Re:[問卦]門薩協會加入可以幹嘛?,zxcv7892341
7/28,2,[問卦]七大罪是不是很可惜,hyperbrand00
7/28,6,[問卦]台灣人不見棺材不落淚？,dearevan
7/28,,[問卦]十七歲女生的溫柔其實是很那個的,gay731
7/28,2,Re:[問卦]九陰白骨抓沒使出來是不是名稱太長,Gamblers5566
7/28,,Re:[問卦]台電一直虧損，總經理不用負責？,q14721472
7/28,1,[問卦]被妹妹誤會該如何解釋？,rickey1270
7/28,2,[問卦]想讓阿福好好休息，但她卻……,rickey1270
7/28,8,Re:[問卦]社會信用評分有什麼不好？,jeremy7986
7/28,5,Re:[問卦]8/1以後不能在八卦板PO文的人想在這裡分,teddy1209
7/28,,[問卦]九年國教是不是失敗了???,bloodlime
7/28,6,[問卦]國安局是不是一群酒囊飯袋?,s90011
7/28,2,Re:[問卦]九陰白骨抓沒使出來是不是名稱太長,Xing97302
7/28,,[問卦]油電凍漲是不是積弊已深的陋習？！,isud40401
7/28,,Re:[問卦]香港政府只會以武力回應人民還不起義嗎?,chihchan
7/28,,[問卦]吸血鬼怎麼叫?,Superxixai
7/28,5,Re:[問卦]電子零件的公母頭算不算歧視女性,Alertme
7/28,,[問卦]我不小心把錢留在機車上，怎麼辦QmQ,ccyaztfe
7/28,2,Re:[問卦]舅舅一家都是廢物的八卦（認真,P00832129
7/28,,[問卦]butmya$$,ph98
7/28,,[問卦]可以跟館長比肥比宅嗎？,YU0486
7/28,4,Re:[問卦]親戚小孩想唸生科該怎麼辦?,yoyodiy
7/28,2,[問卦]在Minecraft當村長要注意什麼？,makinoyui
7/28,6,Re:[問卦]舅舅一家都是廢物的八卦（認真,oasis0702
7/28,,[問卦]ptt的id有5566的到底有多少人？？？,jun059
7/28,2,Re:[問卦]8/1以後不能在八卦板PO文的人想在這裡分享些什麼？,DreamRoom
7/28,1,Re:[問卦]台電一直虧損，總經理不用負責？,e741000
7/28,7,[問卦]有人可以打贏館長嗎,peterasd
7/28,6,[問卦]臺鐵在新竹又怎麼啦？,wuyiulin
7/28,7,[問卦]有沒有超商賣的咖啡的八卦?,gotopark
7/28,1,[問卦]這天氣還在外面的是什麼人,end56
7/28,1,[問卦]PTT還要寄生學術網路多久？,osalucard
7/28,,[問卦]你管廣告這是什麼意思？,st797912
7/28,,[問卦]九陰白骨抓沒使出來是不是名稱太長,qqhsu
7/28,,[問卦]為什麼老師會在這裡？,adhere
7/28,,[問卦]親戚小孩想唸生科該怎麼辦?,a606152004
7/28,1,[問卦]有沒有便利商店廁所都故障的八卦,porsches
7/28,,[問卦]你是不知火舞的弟弟嗎,ph98
7/28,1,Re:[問卦]機車外送是不是拯救了機車行?,Qpera
7/28,5,Re:[問卦]台電一直虧損，總經理不用負責？,ccyaztfe
7/28,4,[問卦]為什麼Selina主持的節目都那麼難看？,FZ5566
7/28,4,[問卦]痛!被機車排氣管燙到,ffreakk
7/28,,Re:[問卦]8/1以後不能在八卦板PO文的人想在這裡分享些什麼？,ElizabethXIV
7/28,,[問卦]大家怎麼收納衣夾子？（有圖更好）,DongWooNeKo
7/28,7,[問卦]機車外送是不是拯救了機車行?,DaringDo
7/28,3,[問卦]門薩協會加入可以幹嘛?,markban
7/28,,[問卦]和中國統一壞處多也有幾個好處喔,chamge7788
7/28,,Re:[問卦]香港政府只會以武力回應人民還不起義嗎?,teise
7/28,3,[問卦]護士姐姐的特別看護!?,CavendishJr
7/28,,[問卦]手術成功病人瀕死算好醫生嗎?,ap926044
7/28,,[問卦]學妹貓貓有喜歡的對象？（貓貓陣線）,wurara22
7/28,4,[問卦]坐計程車車禍會被找做筆錄嗎,kent41914
7/28,,[問卦]電子零件的公母頭算不算歧視女性,PasManquer
7/28,,[問卦]台電一直虧損，總經理不用負責？,leo841102
7/28,1,[問卦]有沒有幽火跟暗闇神族的八卦,bluebagel
7/28,,Re:[問卦]8/1以後不能在八卦板PO文的人想在這裡分享些什麼？,adhere
7/28,,Re:[問卦]8/1以後不能在八卦板PO文的人想在這裡分享些什麼？,goipait
7/28,,Re:[問卦]8/1以後不能在八卦板PO文的人想在這裡分享些什麼？,e741000
7/28,4,[問卦]印度音樂MV怎麼全部都差不多??,lobfo
7/28,,[問卦]今年香港淪陷魔界明年台灣腥風血雨？,yeh67
7/28,,[問卦]肥宅的用語是不是都與眾不同?,glthe1
7/28,,Re:[問卦]8/1以後不能在八卦板PO文的人想在這裡分享些什麼？,gungu
7/28,5,[問卦]吃屎哥是不是很有種？,awsq00000
7/28,,Re:[問卦]舅舅一家都是廢物的八卦（認真,Morrislakbay
7/28,,[問卦]幾份魷魚幾份滷蛋都心甘情願,changatcmu
7/28,1,Re:[問卦]有沒有長壽之道的八卦？,manhaspen
7/28,4,[問卦]我怎麼可以那麼雖小？？？,chihippig
7/28,,[問卦]被同事陷害!?,Fishing123
7/28,6,[問卦]吃屎哥484比雲林大隻佬有guts,kisweet999
7/28,,[問卦]總理眼鏡200萬，值得？,nikeidman
7/28,1,[問卦]該怎麼追女牙醫,tanted
7/28,,[問卦]館長打得贏Buakaw嗎？,zxc0312
7/28,,[問卦]vitas怎變肥豬了,pttisshit
7/28,8,Re:[問卦]舅舅一家都是廢物的八卦（認真,miserableguy
7/28,,[問卦]哪些運動是有錢人才玩得起的？,eunhailoveu
7/28,4,[問卦]這種戒菸法有用嗎?,newper
7/28,1,Re:[問卦]舅舅一家都是廢物的八卦（認真,ezJapan
7/28,1,[問卦]有沒有當年吃屎驗退的人在幹嘛的八卦,motan
7/28,5,Re:[問卦]孫運璿才是真心發大財之父,amordelcor
7/28,,[問卦]三盧新五泰怎麼排啊,chengune
7/28,,[問卦]李豔秋這次可以白回來嗎？,loby1234
7/28,,[問卦]女森穿裙子被性騷擾484活該？,Exc4liboor
7/28,1,[問卦]慟!女店員有男友了,Oral
7/28,4,[問卦]被按喇叭硬插車會生氣嗎？,syensyens
7/28,1,Re:[問卦]北大特區值得買嗎？,mean
7/28,7,Re:[問卦]台灣人愛自爽？外國人真心話：夜市很噁,andycat5566
7/28,2,[問卦]跟朋友約十點結果他睡到十點起床？？,NAGI
7/28,2,[問卦]有沒有長壽之道的八卦？,wuichenchen
7/28,,Re:[問卦]台灣人愛自爽？外國人真心話：夜市很噁,zxc0312
7/28,4,[問卦]國動不會真要娶彥彤ba？,ucci
7/28,,[問卦]林書豪還相信上帝這個謊言嗎？,yahappy4u
7/28,4,[問卦]蕭峰如果知道百年後契丹人正式接任幫主,davidex
7/28,,[問卦]告白時表明母胎單身484誠意滿點,mariewtsai
7/28,4,Re:[問卦]紙吸管到底是哪個智障發明的啊,Beanoodle
7/28,1,[問卦]有沒有台灣小人國園區被致敬的八卦?,yoyodiy
7/28,6,[問卦]有中壢違規停車拖不完的卦嗎,winogu
7/28,2,Re:[問卦]為什麼台灣人不喜歡中國,kenintw
7/28,,[問卦]憋尿的時候為什麼越靠近廁所越憋不住,S0323109
7/28,1,Re:[問卦]日本有三大醜女產地484真的...,chenyenpo
7/28,,[問卦]館長是不是不敢正面對決？,jp956956
7/28,,[問卦]館長算欺善怕惡的人嗎？,kill426
7/28,,[問卦]要是用九陰白骨爪第十式能打贏館長嗎,timetolove
7/28,,[問卦]沒有人喜歡被拒絕~~~,hmenri
7/28,2,[問卦]大麻電子煙油,zeugen
7/28,7,[問卦]高鈣牛乳為什麼比較便宜？,zx33998695
7/28,3,Re:[問卦]跟多重人格的人做愛是否有多P感覺,e04a8678
7/28,5,Re:[問卦]為什麼台灣人不喜歡中國,mean
7/28,1,[問卦]館長的心情跟秋香姐一樣嗎,ssss0960193
7/28,,[問卦]第一次去歐洲要去哪些國家？,KennyZephyr
7/28,3,[問卦]超跑484跑太多才叫超跑?,DreamRoom
7/28,,[問卦]孫運璿才是真心發大財之父,smallminhaha
7/28,5,Re:[問卦]警大鑑識很猛嗎？,AikawaJyun
7/28,,[問卦]吃屎哥會倒地是不是因為蛋蛋哀傷,qma52015
7/28,,[問卦]Edge的spear能擊敗館長嗎？,Nyctalopia
7/28,8,[問卦]台灣樂隊最有名的是哪一團?,XXXXGGYY
7/28,,Re:[問卦]何金銀vs館長(幾幾波,mean
7/28,4,[問卦]有人看過館長滿裝打嗎？,a30142299
7/28,9,[問卦]媽媽出車禍了該怎麼辦,e741000
7/28,8,[問卦]何金銀vs館長(幾幾波,SODAECHO1
7/28,,[問卦]紙吸管到底是哪個智障發明的啊,kkes0001
7/28,2,[問卦]現在好想加入56家族該怎麼辦？,lazy0813
7/28,,Re:[問卦]呂布是真的無腦嗎,ccyaztfe
7/28,3,[問卦]鬼屋頂樓放乖乖有用嗎？,asdkindkind7
7/28,,[問卦]是不是沒啥好玩的線上遊戲了？,SelfishGene
7/28,9,[問卦]月收一萬兩千五該存多少好?,KILLE
7/28,4,[問卦]納智捷是怎麼辦到的,currry
7/28,4,Re:[問卦]為什麼台灣人不喜歡中國,G8DA
7/28,,[問卦]有沒有難忘電影經典台詞的八卦？,wuichenchen
7/28,,[問卦]警大鑑識很猛嗎？,bluebetty
7/28,3,[問卦]到底是那個天才提出超買來陷害人的卦?!,rote
7/28,,[問卦]有沒有複刻版可以拍幾百萬的八卦,qvx
7/28,,[問卦]館長是不是沒種接招啊,a78914124
7/28,3,[問卦]跟多重人格的人做愛是否有多P感覺,ronnyvvang
7/28,,Re:[問卦]如何讓鬍子別長那麼快？（認真問）,tamama000
7/28,,[問卦]台灣被打壓時，香港人有站出來嗎？,amoyui
7/28,,[問卦]運送私菸要成功，要出動多少權貴？,fickleness
7/28,,[問卦]用英文名加出生月日當帳密的人在想什麼,manhaspen
7/28,,[問卦]起來~!!起來~!!起來~!!起來~!!,goldman0204
7/28,3,Re:[問卦]如何讓鬍子別長那麼快？（認真問）,Xing97302
7/28,,[問卦]呂布是真的無腦嗎,metallican
7/28,4,[問卦]有網拍健康食品價格的八卦嗎?,k91011022
7/28,,Re:[問卦]台灣人愛自爽？外國人真心話：夜市很噁,DreamRoom
7/28,4,[問卦]為啥女生那麼喜歡旅遊啊?,ptt987654321
7/28,7,[問卦]九陰白骨爪跟大力金剛腿該練哪個？,eatk
7/28,3,Re:[問卦]idcc怎麼沒有後續發展了？,a520
7/28,5,[問卦]打錯字是不是很該死,ElizabethXIV
7/28,7,[問卦]國外怎麼沒有人試駕納智捷？,frzqp3814396
7/28,,[問卦]台若挾洋自重，恐破壞台海和平,hmenri
7/28,4,[問卦]一時不知道要幹麻，不自覺按的網頁是什麼,GreedyBian
7/28,,Re:[問卦]舅舅一家都是廢物的八卦（認真,dalai
7/28,,[問卦]葉問打平泰森是不是太唬爛？,Elsie1999
7/28,7,Re:[問卦]自由時報變中國時報了嗎？,testtesttest
7/28,4,Re:[問卦]台灣人愛自爽？外國人真心話：夜市很噁,XSD
7/28,,[問卦]館長為什麼這樣對吃屎哥？,Noemen
7/28,,[問卦]憑甚麼是阿雅殺死夜王==？,MatheFuck
7/28,,[問卦]中正區是不是又老又窮的區？,kingfsg7326
7/28,,[問卦]金庸群俠傳online是不是要再起了?,gn01765288
7/28,,[問卦]住台北的開銷？,a12141623
7/28,5,[問卦]台北捷運飲水機有怪味的八卦?,clark2644
7/28,1,[問卦]看到地震雲該怎麼辦？,iLeyaSin365
7/28,2,Re:[問卦]有沒有大陸優秀退役軍人張富清的八卦？,cal629195
7/28,,[問卦]走私香菸案要怎麼辦才能沒有包庇嫌疑？,fickleness
7/28,,[問卦]吃燒鴨時天花板掉下老鼠的八卦？,yachungyu
7/28,2,Re:[問卦]如何讓鬍子別長那麼快？（認真問）,soulboy330
7/28,1,[問卦]家裡蟑螂很多該怎麼辦的八卦,cycling
7/28,8,[問卦]吃屎哥現在的腳狀況會是怎樣？,andyajacky
7/28,,[問卦]香港政府只會以武力回應人民還不起義嗎?,KKKKJAY
7/28,,Re:[問卦]台灣人愛自爽？外國人真心話：夜市很噁,minipig1127
7/28,6,[問卦]為啥漂白水有一股洨味,Oilboy
7/28,,Re:[問卦]其實香港人一直也都瞧不起台灣人吧？,organize222
7/28,1,Re:[問卦]認真問華人界真的有人打得贏館長嗎？,CORSA
7/28,4,Re:[問卦]為什麼台灣人不喜歡中國,Thaichonburi
7/28,7,Re:[問卦]日本有三大醜女產地484真的...,anecam
7/28,,[問卦]☺和:)哪個比較討喜？,algebraic
7/28,4,[問卦]水桶還有6740天是甚麼概念?,Beanoodle
7/28,6,[問卦]用大慈大悲掌可以打的贏館長嗎?,timetolove
7/28,,[問卦]節目上的股市達人可以信嗎??,passing
7/28,3,[問卦]哪所大學值得叫西方大葉,ckhshooligan
7/28,8,[問卦]姚明易建聯林書豪哪個最慘,DreamRoom
7/28,,[問卦]1450被抓光光我因該就不會被噓了吧？,iamgaylan
7/28,,Re:[問卦]台灣人愛自爽？外國人真心話：夜市很噁,thenick
7/28,,Re:[問卦]蹲馬步是不是該重新被重視,motan
7/28,1,[問卦]庶民到底能不能衡量？,ElizabethXIV
7/28,4,[問卦]有沒有南大碎屍案的八卦?,Abobe
7/28,3,[問卦]學會九陰白骨爪有加分ㄇ,ckhshooligan
7/28,,[問卦]KKday跟Klook，大家推哪個？,Ax0101
7/28,3,[問卦]這是啥果實,fos000
7/28,6,[問卦]有沒有前年的邁阿密馬林魚不要賣光光現在會怎樣的八卦?,iAmReaLsORry
7/28,,[問卦]熊貓可以吃飯不能打手槍,Soaz
7/28,,[問卦]有沒有大陸優秀退役軍人張富清的八卦？,longyin
7/28,,[問卦]會覺得一直聽到谷阿莫的聲音很噁心嗎,st305018
7/28,3,[問卦]帶長輩去平溪怎麼玩（在等線）,ME13
7/28,7,[問卦]選總統為什麼不用申請良民證？,leopika
7/28,,[問卦]等等要跟合作廠商約會怎辦？,j32072
7/28,3,[問卦]有沒有網路上自開分身帶風向的八卦？,tooth9
7/28,,[問卦]肥宅的肚子可以擋館長的拳腳攻擊嗎？,monine
7/28,1,[問卦]程式語言分數拿到c++是在暗示什麼嗎,XDDDDDDDDDD
7/28,8,[問卦]請問野々浦暖的中文是什麼意思?,bear2008
7/28,1,[問卦]蹲馬步是不是該重新被重視,del680202
7/28,,Re:[問卦]日本電車不會誤點是不是大家的幻想？,anecam
7/28,6,[問卦]日本妹怎麼這麼騷,nikubou5566
7/28,8,[問卦]海蔘威是租借還是割讓,nick55chen
7/28,4,Re:[問卦]有沒有玩過最多次的電腦單機遊戲是哪一款的八卦?,miler22020
7/28,7,[問卦]為甚麼何妤玟那麼正,Oral
7/28,,[問卦]人妻突然跟我說她老公在家是什麼意思,SaberMyWifi
7/28,5,Re:[問卦]一般小民多帶菸叫走私達官權貴多帶菸叫?!,ccyaztfe
7/28,,[問卦]館長在中國的話就會變得跟徐曉東一樣？,Findagreen
7/28,4,[問卦]這招打的過館長嗎？,HWSA0824
7/28,1,[問卦]如果今天沒爆出來會怎樣,littli
7/28,5,[問卦]館長跟哪些人打過?最強的對手是誰?,darkstar07
7/28,,[問卦]小時候飯沒吃乾淨長大真的娶貓老婆嗎？,bbob
7/28,,[問卦]Gail是不是超級可愛的啊,villagekids
7/28,,[問卦]如何讓鬍子別長那麼快？（認真問）,smileboy2016
7/28,1,Re:[問卦]為什麼台灣人不喜歡中國,jackyoyo
7/28,6,[問卦]吃屎哥背後的高人是不是來頭不小?,GOD5566GOD
7/28,1,Re:[問卦]香港獨立會變新加坡第二嗎,iamsheep
7/28,,[問卦]台灣人愛自爽？外國人真心話：夜市很噁,cccccc0125
7/28,,[問卦]鄒兆龍有可能打的贏館長嗎,winogu
7/28,6,[問卦]突然被排擠了該注意什麼,jiajia1
7/28,2,[問卦]一級玩家是不是讓死肥宅很羨慕,dan1994112
7/28,6,Re:[問卦]蚊子是不是世界上最沒用的癌症物種？,baobeising
7/28,5,[問卦]蹲式馬桶跟坐式馬桶都幾？,P00832129
7/28,2,Re:[問卦]大家都小看吃屎哥了,yniori
7/28,,[問卦]其實學好SQL就能走天下了？,Jyery
7/28,,[問卦]有人從長官那偷走一大塊肉要怎麼辦？,a828203
7/28,,[問卦]有沒有玩過最多次的電腦單機遊戲是哪一款的八卦?,iAmReaLsORry
7/28,2,[問卦]吃屎哥是不是輸在，集氣時間太長,LEDG
7/28,1,Re:[問卦]吃屎哥的降龍十八掌怎麼只是有聲無招？,jw8878
7/28,,[問卦]啤酒罐內有奇怪的東西該怎麼辦,pantani
7/28,,[問卦]吃屎哥被打敗484代表九陰白骨爪失傳了,Muqeem
7/28,2,[問卦]愛妳就等於愛自己可由相對論證明？,manhaspen
7/28,4,[問卦]串流遊戲會顛覆整個遊戲市場嗎？,arcysaint
7/28,,[問卦]蚊子是不是世界上最沒用的癌症物種？,blasheep22
7/28,,[問卦]新板巨星，是林板新,MadK17672
7/28,2,[問卦]看館長vs吃屎哥看到硬硬的改尻嗎？,a78914124
7/28,3,Re:[問卦]為什麼台灣人不喜歡中國,peterturtle
7/28,,Re:[問卦香港獨立會變新加坡第二嗎,unclefucka
7/28,,[問卦]有遊戲主機過保馬上壞掉的八卦？,quintin12340
7/28,2,Re:[問卦香港獨立會變新加坡第二嗎,XX9
7/28,5,[問卦]甄子丹打不打得贏阿館,j9966330k
7/28,2,[問卦]讓老人學會智慧型手機484災難,blessbless
7/28,,[問卦]九陰白骨爪是不是弱點蠻明顯的？,signm
7/28,4,[問卦]館長昨天只穿一件小褲褲484很危險,hebeshaman
7/28,8,[問卦]一早起來肛門發癢是在發情嗎？,jasd1786
7/28,8,[問卦]吃屎哥的降龍十八掌怎麼只是有聲無招？,yniori
7/28,,[問卦]館長算是金庸武俠第一人嗎？,jasonlebra
7/28,3,[問卦]江西男打得贏館長嗎？,ex250203
7/28,2,[問卦]有沒有紅豆的八卦,bobyhsu
7/28,8,[問卦]大家都小看吃屎哥了,mefifthfloor
7/28,9,[問卦]亞妮打的贏館長嗎？,a828203
7/28,2,[問卦]大家比較喜歡瘦女、微肉女或肉肉女呢？,became
7/28,,Re:[問卦]為什麼台灣人不喜歡中國,herex
7/28,8,[問卦]館長和歐尼爾對打,RmanR
7/28,1,[問卦]館長可以打贏梅威瑟嗎怎不去挑戰,yata4547
7/28,2,Re:[問卦]舅舅一家都是廢物的八卦（認真,guemao
7/28,,[問卦]有沒有來自4900年的訊息的卦,Vincent6964
7/28,4,[問卦]大潤發有什麼魔力嗎?,OrzOGC
7/28,8,[問卦]吃屎哥是不是比林志成帶種多了??,maydosa5566
7/28,3,[問卦]一般小民多帶菸叫走私達官權貴多帶菸叫?!,bul
7/28,,Re:[問卦]為什麼台灣人不喜歡中國,crossmyheart
7/28,6,[問卦]吃屎哥會不會偷偷使用了化骨綿掌,Kao0502
7/28,,[問卦]為什麼中國人喜歡移民全世界,fausttu
7/28,4,[問卦]吃屎哥為什麼不用瞬獄殺呢？,became
7/28,,[問卦]如何評價鄧佳華、游兆霖、魏陽陽？,jason0330
7/28,1,Re:[問卦]為什麼台灣人不喜歡中國,GA389434
7/28,5,[問卦]有沒有假道學的八卦？,yulongwang
7/28,,[問卦]韓國有什麼美食？,paca0713
7/28,,Re:[問卦]為什麼台灣人不喜歡中國,poggssi
7/28,8,[問卦]格鬥的美感,louise13
7/28,,Re:[問卦]為什麼台灣人不喜歡中國,zaku2015
7/28,,Re:[問卦]為什麼台灣人不喜歡中國,PureView808
7/28,6,[問卦]你各位可以承受館長幾腳?,Beanoodle
7/28,2,Re:[問卦]當兵第一天晚上都在想什麼,odin1016
7/28,3,[問卦]請問大家是害蟲嗎？,paca0713
7/28,8,[問卦]阿館是不是流量保證啊？,arcysaint
7/28,3,Re:[問卦]三鐵的體能VS館長的漢草哪個比較實用?,scott0118
7/28,,[問卦]請問大家這是害蟲嗎,ewsddddd
7/28,4,[問卦]要用吃屎哥操作還是有辦法吧?,lycs0908
7/28,5,[問卦]gogoro有沒有綠電資費？,yamaha8424
7/28,4,[問卦]該看誰說書比較好?,ALOVET
7/28,,Re:[問卦]調查局為什麼敢抓國安局的人,e741000
7/28,,[問卦]有沒有人動過老花近視手術了,ezJapan
7/28,,[問卦]宋青書練會九陰白骨爪怎麼還那麼弱,kobe9527
7/28,7,[問卦]調查局為什麼敢抓國安局的人,nawabonga
7/28,4,Re:[問卦]為什麼台灣人不喜歡中國,lpoijk
7/28,2,Re:[問卦]欺負精神病患大家還支持？,Xaymaca
7/28,9,[問卦]5000次o'_'o,gaiaesque
7/28,4,[問卦]有沒有謊報人口數的八卦,hogarth1985
7/28,1,[問卦]劉強東應該不只兩蘇美吧？,gostjoke
7/28,1,Re:[問卦]為什麼台灣人不喜歡中國,auron4041
7/28,2,[問卦]三月的獅子電影版是不是選角錯誤????????,ISAM1
7/28,9,[問卦]台灣比中國強的話會收復中國嗎？,voohong
7/28,,[問卦]舅舅一家都是廢物的八卦（認真,aki1023
7/28,,[問卦]沒梗的廢文是不是應該滾了？,Luwan
7/28,3,Re:[問卦]國文課本選文的標準是不是都是忠義魯蛇,doro0202
7/28,,[問卦]館長有資格坐博愛座嗎？,devidchen
7/28,,[問卦]俄國快要歸還海蔘威了嗎？,nick55chen
7/28,6,[問卦]為什麼成大學生每天都在破處,e741000
7/28,3,[問卦]吃屎哥看來瘦瘦的但肚子好大一個,keane9112
7/28,4,[問卦]兩年兵的菜排第一次背值星的時候在想什,qqmaybenot
7/28,,[問卦]淡水現在-1.4度？,Jyery
7/28,6,Re:[問卦]為什麼台灣人不喜歡中國,moonmaker
7/28,2,[問卦]所以精神病患被揍了正常反應是甚麼,KK10305
7/28,,[問卦]分不清面紙衛生紙的是哪種人？,Soaz
7/28,,[問卦]收到兩百萬投資該怎麼處理?,wcpsgb
7/28,,[問卦]欺負精神病患大家還支持？,alice137651
7/28,,[問卦]國文課本選文的標準是不是都是忠義魯蛇,nawabonga
7/28,9,Re:[問卦]露易莎咖啡怎麼紅起來的,ChengBarry
7/28,9,Re:[問卦]當兵第一天晚上都在想什麼,chbrucewu
7/28,3,Re:[問卦]美軍為什麼不偷派人送武器到香港,longyin
7/28,1,[問卦]麥當勞早餐怎麼點才內行？,Ax0101
7/28,3,Re:[問卦]有什麼是真資深鄉民才知道的梗？,twitch5566
7/28,2,Re:[問卦]秦始皇運氣好生對年代才能統一六國？,moonmaker
7/28,,[問卦]三鐵的體能VS館長的漢草哪個比較實用?,syearth
7/28,,[問卦]花過最多時間練什麼招式,malindorothy
7/28,,[問卦]戰駕兵被教召是當戰駕還是步槍兵阿,hayate232
7/28,1,[問卦]動物會血糖標高身體不適嗎？,adf926
7/28,,[問卦]joeman這身材跑完半馬算慢的吧？,cuba391156
7/28,8,[問卦]家醫科在民眾眼中的觀感如何？,liveforhappy
7/28,2,Re:[問卦]其實香港人一直也都瞧不起台灣人吧？,andycat5566
7/28,2,[問卦]現在還有什麼瞎趴的長輩圖嗎？,p69005103
7/28,5,Re:[問卦]為什麼台灣人不喜歡中國,bestrace
7/28,4,[問卦]九陰白骨爪練到有echo,del680202
7/28,,[問卦]台灣484可以學一學當年阿共跟老美？,kisaraki1976
7/28,,Re:[問卦]為什麼台灣人不喜歡中國,BITMajo
7/28,2,Re:[問卦]所以你們鬧夠了沒？,newsyho
7/28,,Re:[問卦]為什麼台灣人不喜歡中國,BigSnowgray
7/28,4,[問卦]香港獨立會變新加坡第二嗎,xinyi101
7/28,,[問卦]你各位有過睡機場的經驗嗎？,amy93
7/28,6,[問卦]館長被anklelock鎖住會投降嗎？,LIDERYEE
7/28,4,Re:[問卦]香港民主？？？,ckbdfrst
7/28,1,Re:[問卦]美軍為什麼不偷派人送武器到香港,zpeople
7/28,,[問卦]何超瓊有多窮？,Gorbachev
7/28,5,[問卦]林書豪現在在谷底拿出來講滿屌的八卦,qqmaybenot
7/28,,Re:[問卦]美軍為什麼不偷派人送武器到香港,bota
7/28,1,Re:[問卦]有沒有天然瀉藥可以通腸一下,pr9558
7/28,,[問卦]做了一個惡夢該怎麼調適心情?,wilson5566
7/28,2,[問卦]台灣人是不是很勤勞？,todao
7/28,5,[問卦]十四億人的反台獨投票到底什麼時候要辦？,cigxm
7/28,2,[問卦]沒了熊貓網後鄉民都用什麼助眠,ben010302
7/28,,[問卦]早上被雞叫醒,JustSong
7/28,7,[問卦]九陰白骨爪的破綻難道是....？,tetsu2008
7/28,8,[問卦]夜裡難以入睡用什麼可以麻醉。。。,LIDERYEE
7/28,5,Re:[問卦]館長一直用下段踢是不是很惡劣,i8r4f5g2hedg
7/28,,[問卦]香港民主？？？,afflic
7/28,3,[問卦]有沒有啥很屌的稱號能用？,herex
7/28,,[問卦]85S,wujet09100
7/28,1,Re:[問卦]有什麼是真資深鄉民才知道的梗？,DownandSuck
7/28,,Re:[問卦]館長一直用下段踢是不是很惡劣,YesHi
7/28,,[問卦]我也很窮啊只能買二手書還是舊版的,gungu
7/28,5,[問卦]聯合國訂的性別不平等指數為何沒納入當兵,Cprogramming
7/28,,Re:[問卦]當兵第一天晚上都在想什麼,hayate232
7/28,9,[問卦]紅髮會是海賊裡的King嗎?,SODAECHO1
7/28,3,[問卦]大家開車會把音樂開到最大嗎？,badjye911
7/28,2,[問卦]現在時間洞五三洞部隊起床,zjes40604
7/28,1,[問卦]金庸大是在秋啥??,gungu
7/28,,Re:[問卦]當兵第一天晚上都在想什麼,ryan0714123
7/28,,[問卦]天崩地裂我不在乎風聲雨聲誰最大聲？,spirit119
7/28,,[問卦]難道沒有人覺得硯硯很像？,amaru03
7/28,,Re:[問卦]難以言喻真的難以言喻？,amy93
7/28,,[問卦]發生什麼事？,chh1470
7/28,,Re:[問卦]館長一直用下段踢是不是很惡劣,Dinenger
7/28,8,Re:[問卦]其實香港人一直也都瞧不起台灣人吧？,YAYA6655
7/28,5,Re:[問卦]有什麼是真資深鄉民才知道的梗？,killerchi
7/28,6,[問卦]孫安佐是不是蠻強的,sleeeve
7/28,7,[問卦]信用卡道路救援,z5419
7/28,,Re:[問卦]館長一直用下段踢是不是很惡劣,gungu
7/28,2,[問卦]半夜輪胎破掉怎麼辦,z5419
7/28,5,Re:[問卦]兩津為什麼要當警察,wateres
7/28,3,Re:[問卦]當兵第一天晚上都在想什麼,AREKU
7/28,3,[問卦]有沒有1994年的海山高工的八卦,citizoe
7/28,,Re:[問卦]外賣仔說要地獄式死亡特訓卻都在玩,Scion
7/28,,Re:[問卦]秦始皇運氣好生對年代才能統一六國？,MizunaRei
7/28,6,[問卦]有什麼傷害是不可逆的？,taipei5566
7/28,,[問卦]為什麼台灣人不喜歡中國,naruisi
7/28,,[問卦]量級差太多的情況下你要怎麼贏?,gt097231
7/28,,Re:[問卦]當兵第一天晚上都在想什麼,ms6163
7/28,,Re:[問卦]有什麼跟賭博一樣刺激的感覺嗎,bupayu
7/28,2,[問卦]有台中鬼頭幫的八卦嗎?,udx12356
7/28,2,Re:[問卦]有沒有館長態度矯正之腳的八卦?,johnny9667
7/28,7,[問卦]春麗挑戰館長有勝算嗎?,image5566
7/28,,[問卦]睡不著要硬睡嗎,kcbug123
7/28,,Re:[問卦]當兵第一天晚上都在想什麼,yoshiki8273
7/28,,[問卦]張博蒂擋的住館長的下段踢嗎,bupayu
7/28,,Re:[問卦]秦始皇運氣好生對年代才能統一六國？,smallpig02
7/28,4,[問卦]兩津為什麼要當警察,paulabxz123
7/28,1,Re:[問卦]當兵第一天晚上都在想什麼,y3226999
7/28,,[問卦]撒旦先生打的贏館長嗎？,kamisun
7/28,6,[問卦]館長如果在金庸筆下大概什麼等級,arianis
7/28,,[問卦]現在不睡的人在銃三小,dasuininder
7/28,,Re:[問卦]有什麼跟賭博一樣刺激的感覺嗎,dklash
7/28,4,[問卦]播球打的贏館長嗎？（MMA賽制）,stock5566
7/28,8,[問卦]李小龍有沒有機會KO館長？,sh981215
7/28,,Re:[問卦]有什麼跟賭博一樣刺激的感覺嗎,Lawleit
7/28,1,[問卦]考試遇到雷隊友怎麼辦,malateacher
7/28,2,[問卦]還有哪個國家元首沒有臉書？,budawoo
7/28,,Re:[問卦]當兵第一天晚上都在想什麼,forewero
7/28,3,Re:[問卦]館長一直用下段踢是不是很惡劣,TsukimiyaAyu
7/28,5,[問卦]有什麼跟賭博一樣刺激的感覺嗎,amo0717
7/28,,[問卦]檢察官是行政權法官是司法權？,ceramicfa
7/28,1,[問卦]8+9剋星？,malateacher
7/28,4,Re:[問卦]外賣仔說要地獄式死亡特訓卻都在玩,cloudlaba
7/28,,Re:[問卦]當兵第一天晚上都在想什麼,avexgroup
7/28,,[問卦]為啥228時中國都出手了這次卻還沒,catnuu
7/28,,Re:[問卦]露易莎咖啡怎麼紅起來的,sammoon
7/28,2,Re:[問卦]我同學被霸凌了怎辦？,NARUTO
7/28,,[問卦]這維修費用會不會太誇張了？,Yoshikia
7/28,,[問卦]草莓救星那首最好聽,cloudlaba
7/28,6,[問卦]館長一直用下段踢是不是很惡劣,ll6a
7/28,,[問卦]有沒有人生不知道該幹嘛的八卦,yun54272
7/28,1,[問卦]在台南騎腳踏車是不是很危險,lianpig5566
7/28,,Re:[問卦]認真問華人界真的有人打得贏館長嗎？,A6
7/28,3,Re:[問卦]露易莎咖啡怎麼紅起來的,johnny9667
7/28,7,[問卦]標緻汽車(PEUGEOT)為什麼冷門？,pmes9866
7/28,8,[問卦]我同學被霸凌了怎辦？,z72117211
7/28,2,Re:[問卦]半夜想買菸,cloudlaba
7/28,3,Re:[問卦]當兵第一天晚上都在想什麼,dunkpoki
7/28,1,Re:[問卦]有什麼是真資深鄉民才知道的梗？,aynmeow
7/28,1,[問卦]台灣人是不是很喜歡比慘？,wade8204
7/28,3,[問卦]最喜歡的童話故事,ffreakk
7/28,,[問卦]高級餐廳端出家常菜時顧客會怎麼想？,heybro
7/28,3,Re:[問卦]當兵第一天晚上都在想什麼,InFaith
7/28,5,Re:[問卦]認真問華人界真的有人打得贏館長嗎？,asdflkjh
7/28,2,Re:[問卦]喉嚨卡魚刺到底要吞什麼有效？,gamesame7711
7/28,,[問卦]露易莎咖啡怎麼紅起來的,efthu456
7/28,2,[問卦]吃屎哥是不是輸得很冤枉?,hushiang
7/28,5,[問卦]支那賤畜出國為什麼這麼愛攜帶一堆肉,andrew777
7/28,,Re:[問卦]防豬瘟，托運行李有100%檢查嗎,A6
7/28,,[問卦]彰化溝仔邊可以就地合法嗎？,eateat14
7/28,,[問卦]有什麼是真資深鄉民才知道的梗？,HappyDiD
7/28,5,[問卦]我朋友市長當到一半想烙跑該怎麼勸他？,s405510062
7/28,1,[問卦]吃屎哥是不是被限制力量的八卦?,autokey
7/28,,[問卦]AVin能插Aux嗎,bravo233295
7/28,2,Re:[問卦]館長跟lebronjames打誰贏,sdwe7854
7/28,2,Re:[問卦]把魔戒套在懶叫上會怎麼樣,Phoenix723
7/28,,[問卦]半夜想買菸,berkeley5566
7/28,2,Re:[問卦]所以你們鬧夠了沒？,kitten123
7/28,,Re:[問卦]其實香港人一直也都瞧不起台灣人吧？,ht91008
7/28,5,Re:[問卦]當兵第一天晚上都在想什麼,uke3458
7/28,6,[問卦]濕耳朵要怎麼清耳屎?,kone33221
7/28,1,[問卦]肥宅在商城活動超買了怎辦？(づ・ω・)づ,XArcherX
7/28,,Re:[問卦]館長是不是差點就輸了？,PayKuo
7/28,9,[問卦]外賣仔說要地獄式死亡特訓卻都在玩,paulabxz123
7/28,,[問卦]全世界是不是只有台灣在吃虱目魚?,k2541398
7/28,6,[問卦]有沒有三國裡的劉粉都很堅定的八卦,childbutters
7/28,5,[問卦]台大國家發展研究所是在幹嘛的?,SanyaMyBride
7/28,4,[問卦]白吉勝現在在幹嘛,weixiaoyo
7/28,2,Re:[問卦]為何台灣人很在乎被瞧不瞧得起？,Corsairs
7/28,,[問卦]有沒有關靜音跟開靜音的八卦,Chian3675
7/28,3,Re:[問卦]把魔戒套在懶叫上會怎麼樣,Lumial020
7/28,,[問卦]鬼月要買啥才能超渡陰魂？,zoeapezoo
7/28,,[問卦]當兵第一天晚上都在想什麼,bearma0613
7/28,,[問卦]防豬瘟，托運行李有100%檢查嗎,ch221221
7/28,3,[問卦]如果禁治產簽生死狀對手不知情怎算?,GJman
7/28,,[問卦]麻美由真是不是最強女優,ginopun10477
7/28,9,[問卦]六塊錢買英特爾是什麼概念,KasmirLo
7/28,8,[問卦]獅子丸真人版怎麼拍？,hhoo32
7/28,,[問卦]吉娃娃的十個症狀?,v5270
7/28,6,Re:[問卦]喉嚨卡魚刺到底要吞什麼有效？,yoyodiy
7/28,6,Re:[問卦]朱元璋這草包如何取得天下的?,wnglon
7/28,,[問卦]為甚麼結痂總是那麼癢,HCS0730
7/28,2,[問卦]講真的，素人的確很好擊敗,fishandrian
7/28,1,[問卦]吃屎哥傷好了還會再去鬧嗎？,johnny9667
7/28,1,Re:[問卦]外國人是不是根本不在乎香港,todao
7/28,7,[問卦]肥宅撐得住館長的一擊嗎,Ericz7000
7/28,,[問卦]這麼晚了應該沒人推吧？！,eunhailoveu
7/28,5,[問卦]我覺得我肯定輸了,Rrrxddd
7/28,,[問卦]未來代理孕母會變合法嗎?,dan5209
7/28,,[問卦]很多女生喝到我的前列腺液怎麼辦,abundance06
7/28,,[問卦]怎麼讓周遭人開始關心香港,wetor
7/28,,[問卦]秦始皇運氣好生對年代才能統一六國？,luckysmallsu
7/28,,[問卦]紐約跟東京整天被摧毀為何還是很強?,emperor
7/28,,[問卦]BrockLesnar跟館長打要簽生死狀嗎？,cena0605
7/28,,[問卦]為何台灣人很在乎被瞧不瞧得起？,fantasibear
7/28,7,[問卦]半夜是不是比較少推,andylinag
7/28,,[問卦]有沒有養到辛巴的八卦,P2P
7/28,,Re:[問卦]館長這次是不是贏了面子輸了裡子？,Corsairs
7/28,2,[問卦]哪個肥宅發明一天三餐的,win7946
7/28,8,[問卦]有沒有高雄迪士妮的八卦,bluebagel
7/28,3,[問卦]電梯裡遇到人才該挖角嗎?,nut7470
7/28,4,Re:[問卦]為什麼要女生結婚像逼良為娼?,quester08
7/28,2,[問卦]把催淚彈丟進裝了水的水桶有用嗎？,leo0873
7/28,1,[問卦]哪種店的女生比較好？,brucielu95
7/28,,Re:[問卦]看電影光著腳丫翹在前面的椅背484沒品,z1976
7/28,6,[問卦]一杯酒二角銀是什麼年代的事情了？,HDSM
7/28,6,[問卦]MS微軟舒適滑鼠喜歡出無線的八卦?,d86249
7/28,,[問卦]Madara為什麼能被穢土轉生?,tmacfly
7/28,2,Re:[問卦]基督徒為什麼什麼都要禱告？,disa26118
7/28,,[問卦]把魔戒套在懶叫上會怎麼樣,vvvccc1d
7/28,7,[問卦]這個是吳宗憲嗎,The5F
7/28,,[問卦]電腦主機搞得像電子花車,CREA
7/28,1,[問卦]芒果乾和走私菸怎麼選？,moshenisshit
7/28,,[問卦]練喻軒會被館長打死嗎？,jay3u7218
7/28,2,[問卦]看電影光著腳丫翹在前面的椅背484沒品,JetLiu401
7/28,,[問卦]兆霖現在在想什麼？,jason83813
7/28,3,[問卦]煮麵484比煮飯方便,johnny9667
7/28,9,Re:[問卦]有人被烏秋追過嘛==,trylin
7/28,1,Re:[問卦]國外的懸案如果是在現代，還懸嗎？,ivorysoap
7/28,5,[問卦]8/1以後不能在八卦板PO文的人想在這裡分享些什麼？,BroDians
7/28,3,[問卦]十二成功力獵頭腳,pgd110
7/28,,[問卦]渡我不渡她?,ssss0960193
7/28,5,[問卦]海賊王是不是預言到今天的格鬥,azoy4y11
7/28,,[問卦]愛的主場秀,ilovenacy
7/28,,[問卦]中秋節要怎麼超烤？,cowardlyman
7/28,,[問卦]拿到首殺會全頻嗆還敢不敢來嗎,Nern
7/28,,[問卦]是不是很多人覺得襪子、內褲丟洗衣機洗,ss2121647
7/28,,Re:[問卦]美軍為什麼不偷派人送武器到香港,Bastain
7/28,6,[問卦]第一次去夜店要怎麼做才不會太菜,missingkid
7/28,7,[問卦]有人被烏秋追過嘛==,ShenVen5566
7/28,2,[問卦]要如何保護外太空墜入地球的墨魚？,stcr3011
7/28,,[問卦]拖鞋的海綿很臭怎麼辦？,eereer12325
7/28,3,[問卦]剛學的一套拳法打得贏館長嗎,sam930114
7/28,,[問卦]台灣的甕仔雞是不是超屌,cake51640
7/28,2,Re:[問卦]認真問華人界真的有人打得贏館長嗎？,n4939733
7/28,6,[問卦]國外的懸案如果是在現代，還懸嗎？,kobe30418
7/28,1,Re:[問卦]如果雷姆跟館長挑戰的話？,tasogare
7/28,,Re:[問卦]認真問華人界真的有人打得贏館長嗎？,leo841102
7/28,,[問卦]巨石強森打得贏館長嗎,a22298811
7/28,6,[問卦]英九白骨爪贏得了館長嗎?,yu1164
7/28,,Re:[問卦]在美國亞裔和非裔哪個比較被瞧不起？,a1237759
7/28,5,[問卦]有沒有只差一張劍魚卡的八卦？,deepinheart
7/28,,"[問卦]""十元買早餐八元買豆干""是多久前的事?",va1kyrie
7/28,,[問卦]你身上有她的香菸味，是我鼻子犯的罪？,james11song
7/28,1,[問卦]吃屎哥在屍魂界算什麼等級的人物?,bluebluelan
7/28,9,[問卦]知道仙豆清酒的人都幾歲了？,Rin5566
7/28,4,Re:[問卦]電影台在播放比悲傷還悲傷的故事的八卦?,mosia
7/28,,[問卦]喜歡打電動會想去韓國電玩學校上課嗎?,hoyumi
7/28,2,[問卦]這次算是自殺式擂台挑戰賽嗎？,poeta
7/28,,[問卦]在台灣玩夾娃娃機是腦袋秀逗嗎？,ihl123456
7/28,5,Re:[問卦]這90後的台灣女孩希望生生世世當中國人,tavern
7/28,3,[問卦]在美國亞裔和非裔哪個比較被瞧不起？,horse5566lee
7/28,2,Re:[問卦]有沒有北一女學妹暑假兼差的八卦？,BroDians
7/28,,Re:[問卦]保險套過期後使用會怎樣？,G2S
7/28,4,[問卦]松山機場可以停747嗎？,afire53
7/28,,Re:[問卦]館長跟lebronjames打誰贏,gogosonny
7/28,2,[問卦]基督教為什麼不能死人復活?,cattgirl
7/28,,Re:[問卦]認真問華人界真的有人打得贏館長嗎？,a1237759
7/28,,[問卦]台灣肉片都比日韓薄的卦,AsahiBeer
7/28,1,Re:[問卦]基督徒為什麼什麼都要禱告？,j022015
7/28,6,Re:[問卦]館長跟lebronjames打誰贏,soulboy330
7/28,,[問卦]這90後的台灣女孩希望生生世世當中國人,Goo4u
7/28,,[問卦]敏英面對是否力英是否只能吃屎,jajujo
7/28,9,[問卦]穆斯林來台灣能隨意大吃大喝？,stantheman
7/28,5,[問卦]香港要的自由跟台灣要的一樣嗎,liang691206
7/28,2,[問卦]連千毅若跟館長對打會不會有勝算,Paul1021
7/28,,[問卦]烤肉是不是最自虐的活動,pc811218
7/28,4,[問卦]快打旋風最好用的是下輕腳嗎？,yniori
7/28,,[問卦]喉嚨卡魚刺到底要吞什麼有效？,jasd1786
7/28,,[問卦]館長這次是不是贏了面子輸了裡子？,kauosong
7/28,,[問卦]剛被放出來的人都怎麼慶祝?,wcpsgb
7/28,2,[問卦]九陰白骨爪沒有內力能用嗎？,s080014
7/28,4,[問卦]為啥中韓反日都要砸東西？,amoyui
7/28,2,[問卦]保險套過期後使用會怎樣？,cosmite
7/28,,[問卦]吃屎哥是不是逆練九陰真經？,yesgogo
7/28,9,[問卦]一般肥宅跟館長可以撐多久?,KSHLO
7/28,3,Re:[問卦]格鬥簽了生死狀打死人真的免責嗎？,ronnyvvang
7/28,,Re:[問卦]岡本002跟003差在哪？,tusna08124
7/28,1,Re:[問卦]日本有三大醜女產地484真的...,bluebluelan
7/28,,[問卦]有沒有google搜尋都是顯示簡體字的掛,ann770316
7/28,1,[問卦]吃屎哥假如過兩天掛了怎麼辦?,zxzxzzzx
7/28,5,[問卦]洪舅舅(台灣阿舅)現在在做什麼?,va1kyrie
7/28,,[問卦]為什麼要女生結婚像逼良為娼?,apa41023
7/28,1,Re:[問卦]十成功力的九陰白骨爪威力會有多強?,Su22
7/28,4,[問卦]在家樂福選結帳櫃檯有什麼訣竅,lianpig5566
7/28,,[問卦]誰會把香蕉放冰箱啦,Greedguilty
7/28,,[問卦]認真問華人界真的有人打得贏館長嗎？,kevin80112
7/28,,[問卦]生死狀贏了什麼？,Puribaw
7/28,1,[問卦]空心菜爛根了怎麼處理啦?,chicham
7/28,1,Re:[問卦]有沒有北一女學妹暑假兼差的八卦？,bosmin1amp
7/28,1,[問卦]外星人在美國還是日本？,yogurt0313
7/28,,[問卦]魚缸裡面要放什麼魚才會開心:(,algebraic
7/28,,[問卦]里長伯被欺負了,YU0121
7/28,,Re:[問卦]有沒有北一女學妹暑假兼差的八卦？,FollowMe6
7/28,,[問卦]哪種比較惡質?,tonyselina
7/28,2,Re:[問卦]其實吃屎哥算不算帶種,Bluce
7/28,,Re:[問卦]拿過最多的零用錢,soulboy330
7/28,,Re:[問卦]岡本002跟003差在哪？,sunkiss5566
7/28,,[問卦]板上有幾個人打得贏吃屎哥的?,Cger
7/28,9,[問卦]跟館長比武過的誰最強啊?,chicham
7/28,3,[問卦]西門町男女spa按摩的八卦？,ronnyvvang
7/28,1,[問卦]松阪老師為什麼有自己的BGM,terrence7539
7/28,5,[問卦]如果古代出現眼鏡蛇車會發生什麼事？,slb19930308
7/28,4,[問卦]慟!再三天八卦看板娘姆咪就要走了!,peterlin495
7/28,,[問卦]要學什麼武術才能屌打館長？,mojojojo5217
7/28,,Re:[問卦]包養跟嫖妓到底區別在哪？,laal
7/28,,Re:[問卦]其實香港人一直也都瞧不起台灣人吧？,liang691206
7/28,3,[問卦]為什麼開賓士刺龍刺鳳就是黑道?,G2S
7/28,,[問卦]要幹架是不是應該先看過真理之門？,reallo
7/28,4,[問卦]有沒有北一女學妹暑假兼差的八卦？,sky9527
7/28,,Re:[問卦]被不認識的人密還被嗆怎麼回？急在線,pcee
7/28,,Re:[問卦]其實香港人一直也都瞧不起台灣人吧？,TOMMY75410
7/28,2,Re:[問卦]使用降龍第十八掌是不是就贏了?,yaaaaaaaabi
7/28,2,Re:[問卦]格鬥簽了生死狀打死人真的免責嗎？,liang691206
7/28,,[問卦]為什麼一言不合就要格鬥?,gk1329
7/28,,[問卦]輕腳連擊是不是很強?,rainylife
7/28,2,[問卦]吃完鼻炎藥喉嚨卻超級癢,ME13
7/28,3,Re:[問卦]格鬥簽了生死狀打死人真的免責嗎？,vinmo
7/28,,[問卦]安卓手機用久了會卡是不是沒辦法的事情,poeta
7/28,,[問卦]桃谷エリカ的妹妹怎麼這麼醜？,TsukimiyaAyu
7/28,,[問卦]岡本002跟003差在哪？,st9760916
7/28,2,Re:[問卦]館長是不是差點就輸了？,gn7722
7/28,1,[問卦]為何日本拉麵店店長可以這麼有個性?,hoyumi
7/28,,[問卦]對女生用‘妳’跟‘你’差別在哪？,xxxluke
7/28,1,Re:[問卦]大家都沒注意到剛剛的比賽？,mean
7/28,1,Re:[問卦]館長是不是差點就輸了？,stock5566
7/28,6,[問卦]使用降龍第十八掌是不是就贏了?,qqww601x
7/28,,[問卦]大家都沒注意到剛剛的比賽？,yessugitu
7/28,4,[問卦]趁別人喊招式時攻擊是不是很沒品?,juyhnmki
7/28,,[問卦]閃電霹靂車怎不再出動畫,JEWH
